activity_comment,activity_id,activity_properties,assay_chembl_id,assay_description,assay_type,assay_variant_accession,assay_variant_mutation,bao_endpoint,bao_format,bao_label,canonical_smiles,data_validity_comment,data_validity_description,document_chembl_id,document_journal,document_year,ligand_efficiency,molecule_chembl_id,molecule_pref_name,parent_molecule_chembl_id,pchembl_value,potential_duplicate,qudt_units,record_id,relation,src_id,standard_flag,standard_relation,standard_text_value,standard_type,standard_units,standard_upper_value,standard_value,target_chembl_id,target_organism,target_pref_name,target_tax_id,text_value,toid,type,units,uo_units,upper_value,value
,266666,[],CHEMBL817298,Inhibitory concentration against human tryptase,B,,,BAO_0000190,BAO_0000224,protein format,CC(C)C(OC(=O)N1CCN(C(=O)N2C(=O)[C@H](CC3CCN(C(=N)N)C3)[C@H]2C(=O)O)CC1)C(C)C,,,CHEMBL1134958,Bioorg. Med. Chem. Lett.,2002,"{'bei': '16.27', 'le': '0.31', 'lle': '6.99', 'sei': '5.01'}",CHEMBL432835,,CHEMBL432835,8.05,False,http://www.openphacts.org/units/Nanomolar,207080,=,1,True,=,,IC50,nM,,9.0,CHEMBL2095193,Homo sapiens,Tryptase,9606,,,IC50,nM,UO_0000065,,9.0
,269175,[],CHEMBL817298,Inhibitory concentration against human tryptase,B,,,BAO_0000190,BAO_0000224,protein format,CC(C)C(OC(=O)N1CCN(C(=O)N2C(=O)[C@H](CC3CCCN(C(=N)N)C3)[C@H]2C(=O)O)CC1)C(C)C,,,CHEMBL1134958,Bioorg. Med. Chem. Lett.,2002,"{'bei': '14.06', 'le': '0.27', 'lle': '5.70', 'sei': '4.45'}",CHEMBL324621,,CHEMBL324621,7.15,False,http://www.openphacts.org/units/Nanomolar,207082,=,1,True,=,,IC50,nM,,71.0,CHEMBL2095193,Homo sapiens,Tryptase,9606,,,IC50,nM,UO_0000065,,71.0
,270490,[],CHEMBL817298,Inhibitory concentration against human tryptase,B,,,BAO_0000190,BAO_0000224,protein format,CC(C)C(OC(=O)N1CCN(C(=O)N2C(=O)[C@H](CC3CCCN(C(=N)N)C3)[C@H]2C(=O)O)CC1)C(C)C,,,CHEMBL1134958,Bioorg. Med. Chem. Lett.,2002,"{'bei': '13.15', 'le': '0.25', 'lle': '5.24', 'sei': '4.17'}",CHEMBL324621,,CHEMBL324621,6.69,False,http://www.openphacts.org/units/Nanomolar,207083,=,1,True,=,,IC50,nM,,204.0,CHEMBL2095193,Homo sapiens,Tryptase,9606,,,IC50,nM,UO_0000065,,204.0
,271838,[],CHEMBL817298,Inhibitory concentration against human tryptase,B,,,BAO_0000190,BAO_0000224,protein format,N=C(N)N1CCCC(C[C@H]2C(=O)N(C(=O)N3CCN(C(=O)CCCCCC4CCCCC4)CC3)[C@@H]2C(=O)O)C1,,,CHEMBL1134958,Bioorg. Med. Chem. Lett.,2002,"{'bei': '15.95', 'le': '0.31', 'lle': '6.03', 'sei': '5.76'}",CHEMBL109504,,CHEMBL109504,8.72,False,http://www.openphacts.org/units/Nanomolar,207085,=,1,True,=,,IC50,nM,,1.9,CHEMBL2095193,Homo sapiens,Tryptase,9606,,,IC50,nM,UO_0000065,,1.9
,275325,[],CHEMBL817298,Inhibitory concentration against human tryptase,B,,,BAO_0000190,BAO_0000224,protein format,CC(C)C(OC(=O)N1CCN(C(=O)N2C(=O)[C@H](CC3CCCN(C(=N)N)C3)[C@H]2C(=O)O)CC1)C(C)C,,,CHEMBL1134958,Bioorg. Med. Chem. Lett.,2002,"{'bei': '14.16', 'le': '0.27', 'lle': '5.75', 'sei': '4.48'}",CHEMBL324621,,CHEMBL324621,7.20,False,http://www.openphacts.org/units/Nanomolar,207094,=,1,True,=,,IC50,nM,,63.0,CHEMBL2095193,Homo sapiens,Tryptase,9606,,,IC50,nM,UO_0000065,,63.0
,275331,[],CHEMBL817298,Inhibitory concentration against human tryptase,B,,,BAO_0000190,BAO_0000224,protein format,N=C(N)N1CCC[C@H](C[C@H]2C(=O)N(C(=O)N3CCN(C(=O)CCCCCc4ccccc4)CC3)[C@@H]2C(=O)O)C1,,,CHEMBL1134958,Bioorg. Med. Chem. Lett.,2002,,CHEMBL303437,,CHEMBL303437,,True,http://www.openphacts.org/units/Nanomolar,207089,<,1,True,<,,IC50,nM,,1.7,CHEMBL2095193,Homo sapiens,Tryptase,9606,,,IC50,nM,UO_0000065,,1.7
,275339,[],CHEMBL817298,Inhibitory concentration against human tryptase,B,,,BAO_0000190,BAO_0000224,protein format,N=C(N)NCCC[C@H]1C(=O)N(C(=O)N2CCN(C(=O)CCCCCc3ccccc3)CC2)[C@@H]1C(=O)O,,,CHEMBL1134958,Bioorg. Med. Chem. Lett.,2002,,CHEMBL326209,,CHEMBL326209,,False,http://www.openphacts.org/units/Nanomolar,207087,<,1,True,<,,IC50,nM,,1.7,CHEMBL2095193,Homo sapiens,Tryptase,9606,,,IC50,nM,UO_0000065,,1.7
,281518,[],CHEMBL817298,Inhibitory concentration against human tryptase,B,,,BAO_0000190,BAO_0000224,protein format,CN(CCCCc1ccccc1)C(=O)N1CCN(C(=O)N2C(=O)[C@H](CC3CCCN(C(=N)N)C3)[C@H]2C(=O)O)CC1,,,CHEMBL1134958,Bioorg. Med. Chem. Lett.,2002,"{'bei': '14.80', 'le': '0.28', 'lle': '6.51', 'sei': '5.32'}",CHEMBL113591,,CHEMBL113591,8.22,False,http://www.openphacts.org/units/Nanomolar,207092,=,1,True,=,,IC50,nM,,6.0,CHEMBL2095193,Homo sapiens,Tryptase,9606,,,IC50,nM,UO_0000065,,6.0
,282715,[],CHEMBL817298,Inhibitory concentration against human tryptase,B,,,BAO_0000190,BAO_0000224,protein format,N=C(N)N1CCCC(C[C@H]2C(=O)N(C(=O)N3CCN(C(=O)OCCCOc4ccccc4)CC3)[C@@H]2C(=O)O)C1,,,CHEMBL1134958,Bioorg. Med. Chem. Lett.,2002,,CHEMBL111630,,CHEMBL111630,,False,http://www.openphacts.org/units/Nanomolar,207086,<,1,True,<,,IC50,nM,,1.7,CHEMBL2095193,Homo sapiens,Tryptase,9606,,,IC50,nM,UO_0000065,,1.7
,285045,[],CHEMBL817298,Inhibitory concentration against human tryptase,B,,,BAO_0000190,BAO_0000224,protein format,N=C(N)N1CCCC(C[C@H]2C(=O)N(C(=O)N3CCN(C(=O)NCCCCc4ccccc4)CC3)[C@@H]2C(=O)O)C1,,,CHEMBL1134958,Bioorg. Med. Chem. Lett.,2002,,CHEMBL111173,,CHEMBL111173,,False,http://www.openphacts.org/units/Nanomolar,207084,<,1,True,<,,IC50,nM,,1.7,CHEMBL2095193,Homo sapiens,Tryptase,9606,,,IC50,nM,UO_0000065,,1.7
,287281,[],CHEMBL817298,Inhibitory concentration against human tryptase,B,,,BAO_0000190,BAO_0000224,protein format,N=C(N)N1CCC[C@@H](C[C@H]2C(=O)N(C(=O)N3CCN(C(=O)CCCCCc4ccccc4)CC3)[C@@H]2C(=O)O)C1,,,CHEMBL1134958,Bioorg. Med. Chem. Lett.,2002,,CHEMBL70738,,CHEMBL70738,,True,http://www.openphacts.org/units/Nanomolar,207088,<,1,True,<,,IC50,nM,,1.7,CHEMBL2095193,Homo sapiens,Tryptase,9606,,,IC50,nM,UO_0000065,,1.7
,292258,[],CHEMBL817298,Inhibitory concentration against human tryptase,B,,,BAO_0000190,BAO_0000224,protein format,CC(C)C(OC(=O)N1CCN(C(=O)N2C(=O)[C@H](CC3CN(C(=N)N)C3)[C@H]2C(=O)O)CC1)C(C)C,,,CHEMBL1134958,Bioorg. Med. Chem. Lett.,2002,"{'bei': '16.48', 'le': '0.32', 'lle': '7.25', 'sei': '4.93'}",CHEMBL109733,,CHEMBL109733,7.92,False,http://www.openphacts.org/units/Nanomolar,207081,=,1,True,=,,IC50,nM,,12.0,CHEMBL2095193,Homo sapiens,Tryptase,9606,,,IC50,nM,UO_0000065,,12.0
,296169,[],CHEMBL817298,Inhibitory concentration against human tryptase,B,,,BAO_0000190,BAO_0000224,protein format,CC(C)(C)NC(=O)N1CCN(C(=O)N2C(=O)[C@H](CCCN=C(N)N)[C@H]2C(=O)O)CC1,,,CHEMBL1134958,Bioorg. Med. Chem. Lett.,2002,"{'bei': '19.74', 'le': '0.38', 'lle': '9.20', 'sei': '4.81'}",CHEMBL71037,,CHEMBL71037,8.40,True,http://www.openphacts.org/units/Nanomolar,207090,=,1,True,=,,IC50,nM,,4.0,CHEMBL2095193,Homo sapiens,Tryptase,9606,,,IC50,nM,UO_0000065,,4.0
,297416,[],CHEMBL817298,Inhibitory concentration against human tryptase,B,,,BAO_0000190,BAO_0000224,protein format,N=C(N)N1CCCC(C[C@H]2C(=O)N(C(=O)N3CCN(C(=O)CCCCCc4ccccc4)CC3)[C@@H]2C(=O)O)C1,,,CHEMBL1134958,Bioorg. Med. Chem. Lett.,2002,,CHEMBL440515,,CHEMBL440515,,False,http://www.openphacts.org/units/Nanomolar,207093,<,1,True,<,,IC50,nM,,1.7,CHEMBL2095193,Homo sapiens,Tryptase,9606,,,IC50,nM,UO_0000065,,1.7
,303592,[],CHEMBL817298,Inhibitory concentration against human tryptase,B,,,BAO_0000190,BAO_0000224,protein format,CC(C)C(OC(=O)N1CCN(C(=O)N2C(=O)[C@H](CCCN=C(N)N)[C@H]2C(=O)O)CC1)C(C)C,,,CHEMBL1134958,Bioorg. Med. Chem. Lett.,2002,"{'bei': '17.92', 'le': '0.35', 'lle': '7.89', 'sei': '4.89'}",CHEMBL302058,,CHEMBL302058,8.40,True,http://www.openphacts.org/units/Nanomolar,207079,=,1,True,=,,IC50,nM,,4.0,CHEMBL2095193,Homo sapiens,Tryptase,9606,,,IC50,nM,UO_0000065,,4.0
,303600,[],CHEMBL817298,Inhibitory concentration against human tryptase,B,,,BAO_0000190,BAO_0000224,protein format,N=C(N)N1CCCC(C[C@H]2C(=O)N(C(=O)N3CCN(C(=O)CCCCCc4ccccn4)CC3)[C@@H]2C(=O)O)C1,,,CHEMBL1134958,Bioorg. Med. Chem. Lett.,2002,"{'bei': '15.39', 'le': '0.29', 'lle': '6.98', 'sei': '5.08'}",CHEMBL447534,,CHEMBL447534,8.34,False,http://www.openphacts.org/units/Nanomolar,207091,=,1,True,=,,IC50,nM,,4.6,CHEMBL2095193,Homo sapiens,Tryptase,9606,,,IC50,nM,UO_0000065,,4.6
,632497,[],CHEMBL817289,Inhibitory activity against human tryptase,B,,,BAO_0000190,BAO_0000224,protein format,CC(C)(C)NC(=O)N1CCN(C(=O)N2C(=O)[C@H](CC3CCNCC3)[C@H]2C(=O)O)CC1,,,CHEMBL1147563,Bioorg. Med. Chem. Lett.,2004,"{'bei': '17.76', 'le': '0.34', 'lle': '6.99', 'sei': '6.15'}",CHEMBL70155,,CHEMBL70155,7.52,False,http://www.openphacts.org/units/Nanomolar,127431,=,1,True,=,,IC50,nM,,30.0,CHEMBL2095193,Homo sapiens,Tryptase,9606,,,IC50,uM,UO_0000065,,0.03
,632506,[],CHEMBL817289,Inhibitory activity against human tryptase,B,,,BAO_0000190,BAO_0000224,protein format,COc1cccc(CCC(=O)N2CCN(C(=O)N3C(=O)[C@H](CC4CCNCC4)[C@H]3C(=O)O)CC2)c1,,,CHEMBL1147563,Bioorg. Med. Chem. Lett.,2004,"{'bei': '16.14', 'le': '0.31', 'lle': '6.66', 'sei': '6.57'}",CHEMBL304985,,CHEMBL304985,7.85,False,http://www.openphacts.org/units/Nanomolar,127392,=,1,True,=,,IC50,nM,,14.0,CHEMBL2095193,Homo sapiens,Tryptase,9606,,,IC50,uM,UO_0000065,,0.014
,632509,[],CHEMBL817289,Inhibitory activity against human tryptase,B,,,BAO_0000190,BAO_0000224,protein format,O=C(CCC(=O)N1CCN(C(=O)N2C(=O)[C@H](CC3CCNCC3)[C@H]2C(=O)O)CC1)NCCc1ccccc1,,,CHEMBL1147563,Bioorg. Med. Chem. Lett.,2004,"{'bei': '14.73', 'le': '0.28', 'lle': '7.08', 'sei': '5.58'}",CHEMBL70523,,CHEMBL70523,7.77,False,http://www.openphacts.org/units/Nanomolar,127401,=,1,True,=,,IC50,nM,,17.0,CHEMBL2095193,Homo sapiens,Tryptase,9606,,,IC50,uM,UO_0000065,,0.017
,634897,[],CHEMBL817289,Inhibitory activity against human tryptase,B,,,BAO_0000190,BAO_0000224,protein format,O=C(O)[C@@H]1[C@@H](CC2CCNCC2)C(=O)N1C(=O)N1CCN(C(=O)Cc2ccc(Oc3ccccc3)cc2)CC1,,,CHEMBL1147563,Bioorg. Med. Chem. Lett.,2004,"{'bei': '15.53', 'le': '0.29', 'lle': '5.71', 'sei': '6.95'}",CHEMBL302792,,CHEMBL302792,8.30,False,http://www.openphacts.org/units/Nanomolar,127416,=,1,True,=,,IC50,nM,,5.0,CHEMBL2095193,Homo sapiens,Tryptase,9606,,,IC50,uM,UO_0000065,,0.005
,636059,[],CHEMBL817289,Inhibitory activity against human tryptase,B,,,BAO_0000190,BAO_0000224,protein format,O=C(CCCC(=O)N1CCN(C(=O)N2C(=O)[C@H](CC3CCNCC3)[C@H]2C(=O)O)CC1)Nc1ccccc1,,,CHEMBL1147563,Bioorg. Med. Chem. Lett.,2004,"{'bei': '15.42', 'le': '0.29', 'lle': '6.56', 'sei': '5.68'}",CHEMBL70917,,CHEMBL70917,7.92,False,http://www.openphacts.org/units/Nanomolar,127403,=,1,True,=,,IC50,nM,,12.0,CHEMBL2095193,Homo sapiens,Tryptase,9606,,,IC50,uM,UO_0000065,,0.012
,637281,[],CHEMBL817289,Inhibitory activity against human tryptase,B,,,BAO_0000190,BAO_0000224,protein format,O=C(NCCCC(=O)N1CCN(C(=O)N2C(=O)[C@H](CC3CCNCC3)[C@H]2C(=O)O)CC1)OCc1ccccc1,,,CHEMBL1147563,Bioorg. Med. Chem. Lett.,2004,"{'bei': '15.12', 'le': '0.29', 'lle': '6.96', 'sei': '5.53'}",CHEMBL69558,,CHEMBL69558,8.22,False,http://www.openphacts.org/units/Nanomolar,127402,=,1,True,=,,IC50,nM,,6.0,CHEMBL2095193,Homo sapiens,Tryptase,9606,,,IC50,uM,UO_0000065,,0.006
,637284,[],CHEMBL817289,Inhibitory activity against human tryptase,B,,,BAO_0000190,BAO_0000224,protein format,Cc1ccc(C2=CN=C(CCC(=O)N3CCN(C(=O)N4C(=O)[C@H](CC5CCNCC5)[C@H]4C(=O)O)CC3)C2=O)cc1,,,CHEMBL1147563,Bioorg. Med. Chem. Lett.,2004,"{'bei': '15.10', 'le': '0.28', 'lle': '6.59', 'sei': '5.94'}",CHEMBL70404,,CHEMBL70404,8.30,False,http://www.openphacts.org/units/Nanomolar,127400,=,1,True,=,,IC50,nM,,5.0,CHEMBL2095193,Homo sapiens,Tryptase,9606,,,IC50,uM,UO_0000065,,0.005
,638590,[],CHEMBL817289,Inhibitory activity against human tryptase,B,,,BAO_0000190,BAO_0000224,protein format,O=C(O)[C@@H]1[C@@H](CC2CCNCC2)C(=O)N1C(=O)N1CCN(C(=O)c2ccc(CCCc3ccccc3)cc2)CC1,,,CHEMBL1147563,Bioorg. Med. Chem. Lett.,2004,"{'bei': '15.04', 'le': '0.28', 'lle': '5.18', 'sei': '7.46'}",CHEMBL70703,,CHEMBL70703,8.22,False,http://www.openphacts.org/units/Nanomolar,127413,=,1,True,=,,IC50,nM,,6.0,CHEMBL2095193,Homo sapiens,Tryptase,9606,,,IC50,uM,UO_0000065,,0.006
,639740,[],CHEMBL817289,Inhibitory activity against human tryptase,B,,,BAO_0000190,BAO_0000224,protein format,O=C(O)[C@@H]1[C@@H](CC2CCNCC2)C(=O)N1C(=O)N1CCN(C(=O)c2ccccc2-c2ccccc2)CC1,,,CHEMBL1147563,Bioorg. Med. Chem. Lett.,2004,"{'bei': '14.62', 'le': '0.27', 'lle': '4.85', 'sei': '6.69'}",CHEMBL305877,,CHEMBL305877,7.38,False,http://www.openphacts.org/units/Nanomolar,127411,=,1,True,=,,IC50,nM,,42.0,CHEMBL2095193,Homo sapiens,Tryptase,9606,,,IC50,uM,UO_0000065,,0.042
,639742,[],CHEMBL817289,Inhibitory activity against human tryptase,B,,,BAO_0000190,BAO_0000224,protein format,O=C(O)[C@@H]1[C@@H](CC2CCNCC2)C(=O)N1C(=O)N1CCN(C(=O)Cc2cccc(Oc3ccccc3)c2)CC1,,,CHEMBL1147563,Bioorg. Med. Chem. Lett.,2004,"{'bei': '14.53', 'le': '0.27', 'lle': '5.18', 'sei': '6.50'}",CHEMBL305457,,CHEMBL305457,7.77,False,http://www.openphacts.org/units/Nanomolar,127396,=,1,True,=,,IC50,nM,,17.0,CHEMBL2095193,Homo sapiens,Tryptase,9606,,,IC50,uM,UO_0000065,,0.017
,639745,[],CHEMBL817289,Inhibitory activity against human tryptase,B,,,BAO_0000190,BAO_0000224,protein format,O=C(O)[C@@H]1[C@@H](CC2CCNCC2)C(=O)N1C(=O)N1CCN(C(=O)CCCCCc2cccc3ccccc23)CC1,,,CHEMBL1147563,Bioorg. Med. Chem. Lett.,2004,"{'bei': '16.40', 'le': '0.31', 'lle': '5.49', 'sei': '8.16'}",CHEMBL72532,,CHEMBL72532,9.00,False,http://www.openphacts.org/units/Nanomolar,127397,=,1,True,=,,IC50,nM,,1.0,CHEMBL2095193,Homo sapiens,Tryptase,9606,,,IC50,uM,UO_0000065,,0.001
,640039,[],CHEMBL873894,Compound was tested for inhibition of human mast cell tryptase,B,,,BAO_0000190,BAO_0000224,protein format,O=C(CCCC(=O)OCN1C(=O)c2ccccc2S1(=O)=O)NCc1ccc(Cl)c(Cl)c1,,,CHEMBL1132052,Bioorg. Med. Chem. Lett.,1999,"{'bei': '13.68', 'le': '0.29', 'lle': '3.51', 'sei': '6.04'}",CHEMBL160602,,CHEMBL160602,6.64,False,http://www.openphacts.org/units/Nanomolar,312100,=,1,True,=,,IC50,nM,,230.0,CHEMBL2095193,Homo sapiens,Tryptase,9606,,,IC50,uM,UO_0000065,,0.23
,640983,[],CHEMBL817289,Inhibitory activity against human tryptase,B,,,BAO_0000190,BAO_0000224,protein format,O=C(O)[C@@H]1[C@@H](CC2CCNCC2)C(=O)N1C(=O)N1CCN(C(=O)Cc2ccc(-c3ccccc3)cc2)CC1,,,CHEMBL1147563,Bioorg. Med. Chem. Lett.,2004,"{'bei': '16.01', 'le': '0.30', 'lle': '5.84', 'sei': '7.53'}",CHEMBL71061,,CHEMBL71061,8.30,False,http://www.openphacts.org/units/Nanomolar,127418,=,1,True,=,,IC50,nM,,5.0,CHEMBL2095193,Homo sapiens,Tryptase,9606,,,IC50,uM,UO_0000065,,0.005
,642289,[],CHEMBL817289,Inhibitory activity against human tryptase,B,,,BAO_0000190,BAO_0000224,protein format,CC(=O)Nc1ccsc1C(=O)N1CCN(C(=O)N2C(=O)[C@H](CC3CCNCC3)[C@H]2C(=O)O)CC1,,,CHEMBL1147563,Bioorg. Med. Chem. Lett.,2004,"{'bei': '13.67', 'le': '0.27', 'lle': '5.83', 'sei': '4.82'}",CHEMBL302711,,CHEMBL302711,6.72,False,http://www.openphacts.org/units/Nanomolar,127430,=,1,True,=,,IC50,nM,,190.0,CHEMBL2095193,Homo sapiens,Tryptase,9606,,,IC50,uM,UO_0000065,,0.19
,642291,[],CHEMBL817289,Inhibitory activity against human tryptase,B,,,BAO_0000190,BAO_0000224,protein format,O=C(O)[C@@H]1[C@@H](CC2CCNCC2)C(=O)N1C(=O)N1CCN(C(=O)CCCCCCc2ccccc2)CC1,,,CHEMBL1147563,Bioorg. Med. Chem. Lett.,2004,"{'bei': '16.19', 'le': '0.31', 'lle': '5.55', 'sei': '7.53'}",CHEMBL419449,,CHEMBL419449,8.30,False,http://www.openphacts.org/units/Nanomolar,127405,=,1,True,=,,IC50,nM,,5.0,CHEMBL2095193,Homo sapiens,Tryptase,9606,,,IC50,uM,UO_0000065,,0.005
,643601,[],CHEMBL817289,Inhibitory activity against human tryptase,B,,,BAO_0000190,BAO_0000224,protein format,O=C(O)[C@@H]1[C@@H](CC2CCNCC2)C(=O)N1C(=O)N1CCN(C(=O)CCCc2ccc3ccccc3c2)CC1,,,CHEMBL1147563,Bioorg. Med. Chem. Lett.,2004,"{'bei': '15.37', 'le': '0.29', 'lle': '5.27', 'sei': '7.26'}",CHEMBL70763,,CHEMBL70763,8.00,False,http://www.openphacts.org/units/Nanomolar,127398,=,1,True,=,,IC50,nM,,10.0,CHEMBL2095193,Homo sapiens,Tryptase,9606,,,IC50,uM,UO_0000065,,0.01
,645846,[],CHEMBL817289,Inhibitory activity against human tryptase,B,,,BAO_0000190,BAO_0000224,protein format,O=C(O)[C@@H]1[C@@H](CC2CCNCC2)C(=O)N1C(=O)N1CCN(C(=O)c2ccc(OCc3ccccc3)cc2)CC1,,,CHEMBL1147563,Bioorg. Med. Chem. Lett.,2004,"{'bei': '15.71', 'le': '0.29', 'lle': '5.96', 'sei': '7.03'}",CHEMBL70813,,CHEMBL70813,8.40,False,http://www.openphacts.org/units/Nanomolar,127415,=,1,True,=,,IC50,nM,,4.0,CHEMBL2095193,Homo sapiens,Tryptase,9606,,,IC50,uM,UO_0000065,,0.004
,647002,[],CHEMBL817289,Inhibitory activity against human tryptase,B,,,BAO_0000190,BAO_0000224,protein format,O=C(O)[C@@H]1[C@@H](CC2CCNCC2)C(=O)N1C(=O)N1CCN(C(=O)c2cc3cc(F)ccc3[nH]2)CC1,,,CHEMBL1147563,Bioorg. Med. Chem. Lett.,2004,"{'bei': '13.07', 'le': '0.25', 'lle': '4.86', 'sei': '5.04'}",CHEMBL71072,,CHEMBL71072,6.35,False,http://www.openphacts.org/units/Nanomolar,127427,=,1,True,=,,IC50,nM,,450.0,CHEMBL2095193,Homo sapiens,Tryptase,9606,,,IC50,uM,UO_0000065,,0.45
,647004,[],CHEMBL817289,Inhibitory activity against human tryptase,B,,,BAO_0000190,BAO_0000224,protein format,O=C(O)[C@@H]1[C@@H](CC2CCNCC2)C(=O)N1C(=O)N1CCN(C(=O)c2cccc(Oc3ccccc3)c2)CC1,,,CHEMBL1147563,Bioorg. Med. Chem. Lett.,2004,"{'bei': '15.03', 'le': '0.28', 'lle': '5.16', 'sei': '6.55'}",CHEMBL424233,,CHEMBL424233,7.82,False,http://www.openphacts.org/units/Nanomolar,127409,=,1,True,=,,IC50,nM,,15.0,CHEMBL2095193,Homo sapiens,Tryptase,9606,,,IC50,uM,UO_0000065,,0.015
,647006,[],CHEMBL817289,Inhibitory activity against human tryptase,B,,,BAO_0000190,BAO_0000224,protein format,Cc1cccc(CCC(=O)N2CCN(C(=O)N3C(=O)[C@H](CC4CCNCC4)[C@H]3C(=O)O)CC2)c1,,,CHEMBL1147563,Bioorg. Med. Chem. Lett.,2004,"{'bei': '16.76', 'le': '0.32', 'lle': '6.40', 'sei': '7.15'}",CHEMBL429029,,CHEMBL429029,7.89,False,http://www.openphacts.org/units/Nanomolar,127391,=,1,True,=,,IC50,nM,,13.0,CHEMBL2095193,Homo sapiens,Tryptase,9606,,,IC50,uM,UO_0000065,,0.013
,648245,[],CHEMBL817289,Inhibitory activity against human tryptase,B,,,BAO_0000190,BAO_0000224,protein format,O=C(O)[C@@H]1[C@@H](CC2CCNCC2)C(=O)N1C(=O)N1CCN(C(=O)c2ccc(C3CCCCC3)cc2)CC1,,,CHEMBL1147563,Bioorg. Med. Chem. Lett.,2004,"{'bei': '14.49', 'le': '0.27', 'lle': '4.49', 'sei': '6.71'}",CHEMBL74178,,CHEMBL74178,7.40,False,http://www.openphacts.org/units/Nanomolar,127420,=,1,True,=,,IC50,nM,,40.0,CHEMBL2095193,Homo sapiens,Tryptase,9606,,,IC50,uM,UO_0000065,,0.04
,648247,[],CHEMBL817289,Inhibitory activity against human tryptase,B,,,BAO_0000190,BAO_0000224,protein format,O=C(O)[C@@H]1[C@@H](CC2CCNCC2)C(=O)N1C(=O)N1CCN(C(=O)c2ccc(-c3ccccc3)cc2)CC1,,,CHEMBL1147563,Bioorg. Med. Chem. Lett.,2004,"{'bei': '16.29', 'le': '0.30', 'lle': '5.69', 'sei': '7.46'}",CHEMBL73215,,CHEMBL73215,8.22,False,http://www.openphacts.org/units/Nanomolar,127419,=,1,True,=,,IC50,nM,,6.0,CHEMBL2095193,Homo sapiens,Tryptase,9606,,,IC50,uM,UO_0000065,,0.006
,648250,[],CHEMBL817289,Inhibitory activity against human tryptase,B,,,BAO_0000190,BAO_0000224,protein format,CCCCCCc1ccc(-c2ccc(C(=O)N3CCN(C(=O)N4C(=O)[C@H](CC5CCNCC5)[C@H]4C(=O)O)CC3)cc2)cc1,,,CHEMBL1147563,Bioorg. Med. Chem. Lett.,2004,"{'bei': '11.76', 'le': '0.22', 'lle': '2.26', 'sei': '6.28'}",CHEMBL72626,,CHEMBL72626,6.92,False,http://www.openphacts.org/units/Nanomolar,127394,=,1,True,=,,IC50,nM,,120.0,CHEMBL2095193,Homo sapiens,Tryptase,9606,,,IC50,uM,UO_0000065,,0.12
,650637,[],CHEMBL817289,Inhibitory activity against human tryptase,B,,,BAO_0000190,BAO_0000224,protein format,O=C(O)[C@@H]1[C@@H](CC2CCNCC2)C(=O)N1C(=O)N1CCN(C(=O)CCCCCCCc2ccccc2)CC1,,,CHEMBL1147563,Bioorg. Med. Chem. Lett.,2004,"{'bei': '15.76', 'le': '0.30', 'lle': '5.16', 'sei': '7.53'}",CHEMBL70410,,CHEMBL70410,8.30,False,http://www.openphacts.org/units/Nanomolar,127404,=,1,True,=,,IC50,nM,,5.0,CHEMBL2095193,Homo sapiens,Tryptase,9606,,,IC50,uM,UO_0000065,,0.005
,651877,[],CHEMBL817289,Inhibitory activity against human tryptase,B,,,BAO_0000190,BAO_0000224,protein format,O=C(O)[C@@H]1[C@@H](CC2CCNCC2)C(=O)N1C(=O)N1CCN(C(=O)Cc2ccc3c(c2)CCCC3)CC1,,,CHEMBL1147563,Bioorg. Med. Chem. Lett.,2004,"{'bei': '15.15', 'le': '0.29', 'lle': '5.85', 'sei': '6.82'}",CHEMBL303829,,CHEMBL303829,7.52,False,http://www.openphacts.org/units/Nanomolar,127422,=,1,True,=,,IC50,nM,,30.0,CHEMBL2095193,Homo sapiens,Tryptase,9606,,,IC50,uM,UO_0000065,,0.03
,653022,[],CHEMBL817289,Inhibitory activity against human tryptase,B,,,BAO_0000190,BAO_0000224,protein format,O=C1CC[C@@H](C(=O)N2CCN(C(=O)N3C(=O)[C@H](CC4CCNCC4)[C@H]3C(=O)O)CC2)N1,,,CHEMBL1147563,Bioorg. Med. Chem. Lett.,2004,"{'bei': '15.55', 'le': '0.30', 'lle': '7.94', 'sei': '4.86'}",CHEMBL70533,,CHEMBL70533,6.77,False,http://www.openphacts.org/units/Nanomolar,127426,=,1,True,=,,IC50,nM,,170.0,CHEMBL2095193,Homo sapiens,Tryptase,9606,,,IC50,uM,UO_0000065,,0.17
,653024,[],CHEMBL817289,Inhibitory activity against human tryptase,B,,,BAO_0000190,BAO_0000224,protein format,O=C(O)[C@@H]1[C@@H](CC2CCNCC2)C(=O)N1C(=O)N1CCN(C(=O)CCCCCCc2cccc3ccccc23)CC1,,,CHEMBL1147563,Bioorg. Med. Chem. Lett.,2004,"{'bei': '15.99', 'le': '0.30', 'lle': '5.10', 'sei': '8.16'}",CHEMBL72708,,CHEMBL72708,9.00,False,http://www.openphacts.org/units/Nanomolar,127407,=,1,True,=,,IC50,nM,,1.0,CHEMBL2095193,Homo sapiens,Tryptase,9606,,,IC50,uM,UO_0000065,,0.001
,654106,[],CHEMBL817289,Inhibitory activity against human tryptase,B,,,BAO_0000190,BAO_0000224,protein format,O=C(O)[C@@H]1[C@@H](CC2CCNCC2)C(=O)N1C(=O)N1CCN(C(=O)Cc2ccc3ccccc3c2)CC1,,,CHEMBL1147563,Bioorg. Med. Chem. Lett.,2004,"{'bei': '14.53', 'le': '0.27', 'lle': '5.20', 'sei': '6.49'}",CHEMBL72238,,CHEMBL72238,7.16,False,http://www.openphacts.org/units/Nanomolar,127423,=,1,True,=,,IC50,nM,,70.0,CHEMBL2095193,Homo sapiens,Tryptase,9606,,,IC50,uM,UO_0000065,,0.07
,654108,[],CHEMBL817289,Inhibitory activity against human tryptase,B,,,BAO_0000190,BAO_0000224,protein format,O=C(O)[C@@H]1[C@@H](CC2CCNCC2)C(=O)N1C(=O)N1CCN(C(=O)c2ccccc2CCc2ccccc2)CC1,,,CHEMBL1147563,Bioorg. Med. Chem. Lett.,2004,"{'bei': '12.87', 'le': '0.24', 'lle': '4.20', 'sei': '6.22'}",CHEMBL311165,,CHEMBL311165,6.85,False,http://www.openphacts.org/units/Nanomolar,127395,=,1,True,=,,IC50,nM,,140.0,CHEMBL2095193,Homo sapiens,Tryptase,9606,,,IC50,uM,UO_0000065,,0.14
,654110,[],CHEMBL817289,Inhibitory activity against human tryptase,B,,,BAO_0000190,BAO_0000224,protein format,O=C(O)[C@@H]1[C@@H](CC2CCNCC2)C(=O)N1C(=O)N1CCN(C(=O)CCCCCc2ccccc2)CC1,,,CHEMBL1147563,Bioorg. Med. Chem. Lett.,2004,"{'bei': '18.05', 'le': '0.34', 'lle': '6.64', 'sei': '8.16'}",CHEMBL70350,,CHEMBL70350,9.00,True,http://www.openphacts.org/units/Nanomolar,127388,=,1,True,=,,IC50,nM,,1.0,CHEMBL2095193,Homo sapiens,Tryptase,9606,,,IC50,uM,UO_0000065,,0.001
,654119,[],CHEMBL817289,Inhibitory activity against human tryptase,B,,,BAO_0000190,BAO_0000224,protein format,O=C(O)[C@@H]1[C@@H](CC2CCNCC2)C(=O)N1C(=O)N1CCN(C(=O)CCCCCc2ccc3ccccc3c2)CC1,,,CHEMBL1147563,Bioorg. Med. Chem. Lett.,2004,"{'bei': '16.40', 'le': '0.31', 'lle': '5.49', 'sei': '8.16'}",CHEMBL304359,,CHEMBL304359,9.00,False,http://www.openphacts.org/units/Nanomolar,127408,=,1,True,=,,IC50,nM,,1.0,CHEMBL2095193,Homo sapiens,Tryptase,9606,,,IC50,uM,UO_0000065,,0.001
,656544,[],CHEMBL817289,Inhibitory activity against human tryptase,B,,,BAO_0000190,BAO_0000224,protein format,CC1=NN(c2ccc(C(=O)N3CCN(C(=O)N4C(=O)[C@H](CC5CCNCC5)[C@H]4C(=O)O)CC3)cc2)C(=O)C1,,,CHEMBL1147563,Bioorg. Med. Chem. Lett.,2004,"{'bei': '12.24', 'le': '0.23', 'lle': '5.44', 'sei': '4.49'}",CHEMBL423308,,CHEMBL423308,6.42,False,http://www.openphacts.org/units/Nanomolar,127393,=,1,True,=,,IC50,nM,,380.0,CHEMBL2095193,Homo sapiens,Tryptase,9606,,,IC50,uM,UO_0000065,,0.38
,656546,[],CHEMBL817289,Inhibitory activity against human tryptase,B,,,BAO_0000190,BAO_0000224,protein format,O=C(O)[C@@H]1[C@@H](CC2CCNCC2)C(=O)N1C(=O)N1CCN(C(=O)CCCC2CCCCC2)CC1,,,CHEMBL1147563,Bioorg. Med. Chem. Lett.,2004,"{'bei': '15.99', 'le': '0.31', 'lle': '5.32', 'sei': '6.91'}",CHEMBL424047,,CHEMBL424047,7.62,False,http://www.openphacts.org/units/Nanomolar,127390,=,1,True,=,,IC50,nM,,24.0,CHEMBL2095193,Homo sapiens,Tryptase,9606,,,IC50,uM,UO_0000065,,0.024
,658118,[],CHEMBL873894,Compound was tested for inhibition of human mast cell tryptase,B,,,BAO_0000190,BAO_0000224,protein format,COc1ccc(CNC(=O)CCCC(=O)OCN2C(=O)c3ccccc3S2(=O)=O)cc1,,,CHEMBL1132052,Bioorg. Med. Chem. Lett.,1999,"{'bei': '14.26', 'le': '0.28', 'lle': '4.54', 'sei': '5.35'}",CHEMBL157487,,CHEMBL157487,6.37,False,http://www.openphacts.org/units/Nanomolar,312101,=,1,True,=,,IC50,nM,,430.0,CHEMBL2095193,Homo sapiens,Tryptase,9606,,,IC50,uM,UO_0000065,,0.43
,659032,[],CHEMBL817289,Inhibitory activity against human tryptase,B,,,BAO_0000190,BAO_0000224,protein format,O=C(O)[C@@H]1[C@@H](CC2CCNCC2)C(=O)N1C(=O)N1CCN(C(=O)c2ccc(Oc3ccccc3)cc2)CC1,,,CHEMBL1147563,Bioorg. Med. Chem. Lett.,2004,"{'bei': '15.66', 'le': '0.29', 'lle': '5.49', 'sei': '6.82'}",CHEMBL431557,,CHEMBL431557,8.15,False,http://www.openphacts.org/units/Nanomolar,127417,=,1,True,=,,IC50,nM,,7.0,CHEMBL2095193,Homo sapiens,Tryptase,9606,,,IC50,uM,UO_0000065,,0.007
,659035,[],CHEMBL817289,Inhibitory activity against human tryptase,B,,,BAO_0000190,BAO_0000224,protein format,N=C(N)N1CCC[C@H](C[C@H]2C(=O)N(C(=O)N3CCN(C(=O)CCCCCc4ccccc4)CC3)[C@@H]2C(=O)O)C1,,,CHEMBL1147563,Bioorg. Med. Chem. Lett.,2004,"{'bei': '16.22', 'le': '0.31', 'lle': '6.81', 'sei': '5.79'}",CHEMBL303437,,CHEMBL303437,8.77,False,http://www.openphacts.org/units/Nanomolar,127406,=,1,True,=,,IC50,nM,,1.7,CHEMBL2095193,Homo sapiens,Tryptase,9606,,,IC50,nM,UO_0000065,,1.7
,660236,[],CHEMBL817289,Inhibitory activity against human tryptase,B,,,BAO_0000190,BAO_0000224,protein format,CC(C)(C)NC(=O)N1CCN(C(=O)N2C(=O)[C@H](CCCN=C(N)N)[C@H]2C(=O)O)CC1,,,CHEMBL1147563,Bioorg. Med. Chem. Lett.,2004,"{'bei': '19.74', 'le': '0.38', 'lle': '9.20', 'sei': '4.81'}",CHEMBL71037,,CHEMBL71037,8.40,True,http://www.openphacts.org/units/Nanomolar,127387,=,1,True,=,,IC50,nM,,4.0,CHEMBL2095193,Homo sapiens,Tryptase,9606,,,IC50,uM,UO_0000065,,0.004
,661418,[],CHEMBL817289,Inhibitory activity against human tryptase,B,,,BAO_0000190,BAO_0000224,protein format,O=C(O)[C@@H]1[C@@H](CC2CCNCC2)C(=O)N1C(=O)N1CCN(C(=O)Cc2ccc3c(c2)OCO3)CC1,,,CHEMBL1147563,Bioorg. Med. Chem. Lett.,2004,"{'bei': '14.92', 'le': '0.28', 'lle': '6.74', 'sei': '5.64'}",CHEMBL74179,,CHEMBL74179,7.26,False,http://www.openphacts.org/units/Nanomolar,127421,=,1,True,=,,IC50,nM,,55.0,CHEMBL2095193,Homo sapiens,Tryptase,9606,,,IC50,uM,UO_0000065,,0.055
,661420,[],CHEMBL817289,Inhibitory activity against human tryptase,B,,,BAO_0000190,BAO_0000224,protein format,O=C(O)[C@@H]1[C@@H](CC2CCNCC2)C(=O)N1C(=O)N1CCN(C(=O)c2ccccc2Oc2ccccc2)CC1,,,CHEMBL1147563,Bioorg. Med. Chem. Lett.,2004,"{'bei': '13.29', 'le': '0.25', 'lle': '4.26', 'sei': '5.79'}",CHEMBL71121,,CHEMBL71121,6.92,False,http://www.openphacts.org/units/Nanomolar,127410,=,1,True,=,,IC50,nM,,120.0,CHEMBL2095193,Homo sapiens,Tryptase,9606,,,IC50,uM,UO_0000065,,0.12
,661422,[],CHEMBL817289,Inhibitory activity against human tryptase,B,,,BAO_0000190,BAO_0000224,protein format,O=C(O)[C@@H]1[C@@H](CC2CCNCC2)C(=O)N1C(=O)N1CCN(C(=O)CCCCc2ccccc2)CC1,,,CHEMBL1147563,Bioorg. Med. Chem. Lett.,2004,"{'bei': '16.97', 'le': '0.32', 'lle': '6.26', 'sei': '7.46'}",CHEMBL305738,,CHEMBL305738,8.22,False,http://www.openphacts.org/units/Nanomolar,127389,=,1,True,=,,IC50,nM,,6.0,CHEMBL2095193,Homo sapiens,Tryptase,9606,,,IC50,uM,UO_0000065,,0.006
,664102,[],CHEMBL817289,Inhibitory activity against human tryptase,B,,,BAO_0000190,BAO_0000224,protein format,O=C(O)[C@@H]1[C@@H](CC2CCNCC2)C(=O)N1C(=O)N1CCN(C(=O)c2cc3ccccc3o2)CC1,,,CHEMBL1147563,Bioorg. Med. Chem. Lett.,2004,"{'bei': '16.39', 'le': '0.31', 'lle': '6.07', 'sei': '6.22'}",CHEMBL306488,,CHEMBL306488,7.68,False,http://www.openphacts.org/units/Nanomolar,127428,=,1,True,=,,IC50,nM,,21.0,CHEMBL2095193,Homo sapiens,Tryptase,9606,,,IC50,uM,UO_0000065,,0.021
,664104,[],CHEMBL817289,Inhibitory activity against human tryptase,B,,,BAO_0000190,BAO_0000224,protein format,O=C(O)[C@@H]1[C@@H](CC2CCNCC2)C(=O)N1C(=O)N1CCN(C(=O)Cc2ccc(CCCc3ccccc3)cc2)CC1,,,CHEMBL1147563,Bioorg. Med. Chem. Lett.,2004,"{'bei': '14.35', 'le': '0.27', 'lle': '5.08', 'sei': '7.30'}",CHEMBL72520,,CHEMBL72520,8.05,False,http://www.openphacts.org/units/Nanomolar,127412,=,1,True,=,,IC50,nM,,9.0,CHEMBL2095193,Homo sapiens,Tryptase,9606,,,IC50,uM,UO_0000065,,0.009
,664107,[],CHEMBL817289,Inhibitory activity against human tryptase,B,,,BAO_0000190,BAO_0000224,protein format,O=C(O)[C@@H]1[C@@H](CC2CCNCC2)C(=O)N1C(=O)N1CCN(C(=O)CCCc2nc(-c3ccc(Cl)cc3)no2)CC1,,,CHEMBL1147563,Bioorg. Med. Chem. Lett.,2004,"{'bei': '14.49', 'le': '0.28', 'lle': '6.02', 'sei': '5.56'}",CHEMBL70766,,CHEMBL70766,8.30,False,http://www.openphacts.org/units/Nanomolar,127399,=,1,True,=,,IC50,nM,,5.0,CHEMBL2095193,Homo sapiens,Tryptase,9606,,,IC50,uM,UO_0000065,,0.005
,666572,[],CHEMBL817289,Inhibitory activity against human tryptase,B,,,BAO_0000190,BAO_0000224,protein format,Cc1onc(-c2ccccc2)c1C(=O)N1CCN(C(=O)N2C(=O)[C@H](CC3CCNCC3)[C@H]2C(=O)O)CC1,,,CHEMBL1147563,Bioorg. Med. Chem. Lett.,2004,"{'bei': '12.83', 'le': '0.24', 'lle': '4.71', 'sei': '4.80'}",CHEMBL309576,,CHEMBL309576,6.54,False,http://www.openphacts.org/units/Nanomolar,127425,=,1,True,=,,IC50,nM,,290.0,CHEMBL2095193,Homo sapiens,Tryptase,9606,,,IC50,uM,UO_0000065,,0.29
,666574,[],CHEMBL817289,Inhibitory activity against human tryptase,B,,,BAO_0000190,BAO_0000224,protein format,O=C(O)[C@@H]1[C@@H](CC2CCNCC2)C(=O)N1C(=O)N1CCN(C(=O)Cc2ccc(OCc3ccccc3)cc2)CC1,,,CHEMBL1147563,Bioorg. Med. Chem. Lett.,2004,"{'bei': '16.40', 'le': '0.31', 'lle': '6.63', 'sei': '7.53'}",CHEMBL69394,,CHEMBL69394,9.00,False,http://www.openphacts.org/units/Nanomolar,127414,=,1,True,=,,IC50,nM,,1.0,CHEMBL2095193,Homo sapiens,Tryptase,9606,,,IC50,uM,UO_0000065,,0.001
,669121,[],CHEMBL817289,Inhibitory activity against human tryptase,B,,,BAO_0000190,BAO_0000224,protein format,O=C(O)[C@@H]1[C@@H](CC2CCNCC2)C(=O)N1C(=O)N1CCN(C(=O)c2ccc3ccccc3n2)CC1,,,CHEMBL1147563,Bioorg. Med. Chem. Lett.,2004,"{'bei': '14.51', 'le': '0.27', 'lle': '5.55', 'sei': '5.65'}",CHEMBL71377,,CHEMBL71377,6.96,False,http://www.openphacts.org/units/Nanomolar,127429,=,1,True,=,,IC50,nM,,110.0,CHEMBL2095193,Homo sapiens,Tryptase,9606,,,IC50,uM,UO_0000065,,0.11
,670298,[],CHEMBL817289,Inhibitory activity against human tryptase,B,,,BAO_0000190,BAO_0000224,protein format,O=C(O)[C@@H]1[C@@H](CC2CCNCC2)C(=O)N1C(=O)N1CCN(C(=O)c2ccc3ccccc3c2)CC1,,,CHEMBL1147563,Bioorg. Med. Chem. Lett.,2004,"{'bei': '15.72', 'le': '0.29', 'lle': '5.50', 'sei': '6.82'}",CHEMBL419443,,CHEMBL419443,7.52,False,http://www.openphacts.org/units/Nanomolar,127424,=,1,True,=,,IC50,nM,,30.0,CHEMBL2095193,Homo sapiens,Tryptase,9606,,,IC50,uM,UO_0000065,,0.03
,987086,[],CHEMBL817288,Inhibitory activity of compound against human tryptase was determined,B,,,BAO_0000190,BAO_0000224,protein format,O=C(O)[C@@H]1[C@@H](CC2CCNCC2)C(=O)N1C(=O)Nc1ccccc1,,,CHEMBL1147562,Bioorg. Med. Chem. Lett.,2004,"{'bei': '20.62', 'le': '0.39', 'lle': '5.31', 'sei': '6.92'}",CHEMBL305950,,CHEMBL305950,6.83,False,http://www.openphacts.org/units/Nanomolar,126819,=,1,True,=,,IC50,nM,,147.0,CHEMBL2095193,Homo sapiens,Tryptase,9606,,,IC50,nM,UO_0000065,,147.0
,987087,[],CHEMBL817288,Inhibitory activity of compound against human tryptase was determined,B,,,BAO_0000190,BAO_0000224,protein format,O=C(O)[C@@H]1[C@@H](CC2CCNCC2)C(=O)N1C(=O)N1CCN(C(=O)CCCCCc2ccccc2)CC1,,,CHEMBL1147562,Bioorg. Med. Chem. Lett.,2004,"{'bei': '18.05', 'le': '0.34', 'lle': '6.64', 'sei': '8.16'}",CHEMBL70350,,CHEMBL70350,9.00,False,http://www.openphacts.org/units/Nanomolar,126808,=,1,True,=,,IC50,nM,,1.0,CHEMBL2095193,Homo sapiens,Tryptase,9606,,,IC50,nM,UO_0000065,,1.0
,987090,[],CHEMBL817288,Inhibitory activity of compound against human tryptase was determined,B,,,BAO_0000190,BAO_0000224,protein format,O=C(O)[C@@H]1[C@@H](CCC2CCCNC2)C(=O)N1C(=O)N1CCN(C(=O)CCCCCc2ccccc2)CC1,,,CHEMBL1147562,Bioorg. Med. Chem. Lett.,2004,"{'bei': '17.06', 'le': '0.32', 'lle': '5.99', 'sei': '7.93'}",CHEMBL306448,,CHEMBL306448,8.74,False,http://www.openphacts.org/units/Nanomolar,126806,=,1,True,=,,IC50,nM,,1.8,CHEMBL2095193,Homo sapiens,Tryptase,9606,,,IC50,nM,UO_0000065,,1.8
,987103,[],CHEMBL817288,Inhibitory activity of compound against human tryptase was determined,B,,,BAO_0000190,BAO_0000224,protein format,N=C(N)N1CCC[C@H](C[C@H]2C(=O)N(C(=O)N3CCN(C(=O)CCCCCc4ccccc4)CC3)[C@@H]2C(=O)O)C1,,,CHEMBL1147562,Bioorg. Med. Chem. Lett.,2004,,CHEMBL303437,,CHEMBL303437,,False,http://www.openphacts.org/units/Nanomolar,126805,<,1,True,<,,IC50,nM,,1.7,CHEMBL2095193,Homo sapiens,Tryptase,9606,,,IC50,nM,UO_0000065,,1.7
,990708,[],CHEMBL817288,Inhibitory activity of compound against human tryptase was determined,B,,,BAO_0000190,BAO_0000224,protein format,CC(C)C(OC(=O)N1CCN(C(=O)N2C(=O)[C@H](CC3CCCNC3)[C@H]2C(=O)O)CC1)C(C)C,,,CHEMBL1147562,Bioorg. Med. Chem. Lett.,2004,"{'bei': '10.17', 'le': '0.20', 'lle': '2.91', 'sei': '3.97'}",CHEMBL70665,,CHEMBL70665,4.75,False,http://www.openphacts.org/units/Nanomolar,126815,=,1,True,=,,IC50,nM,,17899.0,CHEMBL2095193,Homo sapiens,Tryptase,9606,,,IC50,nM,UO_0000065,,17899.0
,991927,[],CHEMBL817288,Inhibitory activity of compound against human tryptase was determined,B,,,BAO_0000190,BAO_0000224,protein format,CC(C)C(OC(=O)N1CCN(C(=O)N2C(=O)[C@H](CCCCN)[C@H]2C(=O)O)CC1)C(C)C,,,CHEMBL1147562,Bioorg. Med. Chem. Lett.,2004,"{'bei': '18.51', 'le': '0.36', 'lle': '6.57', 'sei': '6.11'}",CHEMBL441447,,CHEMBL441447,8.15,False,http://www.openphacts.org/units/Nanomolar,126800,=,1,True,=,,IC50,nM,,7.0,CHEMBL2095193,Homo sapiens,Tryptase,9606,,,IC50,nM,UO_0000065,,7.0
,992927,[],CHEMBL817288,Inhibitory activity of compound against human tryptase was determined,B,,,BAO_0000190,BAO_0000224,protein format,NCCCC[C@H]1C(=O)N(C(=O)N2CCN(C(=O)CCCCCc3ccccc3)CC2)[C@@H]1C(=O)O,,,CHEMBL1147562,Bioorg. Med. Chem. Lett.,2004,,CHEMBL72282,,CHEMBL72282,,False,http://www.openphacts.org/units/Nanomolar,126807,<,1,True,<,,IC50,nM,,1.7,CHEMBL2095193,Homo sapiens,Tryptase,9606,,,IC50,nM,UO_0000065,,1.7
,994197,[],CHEMBL817288,Inhibitory activity of compound against human tryptase was determined,B,,,BAO_0000190,BAO_0000224,protein format,N=C(N)N1CCC(C[C@H]2C(=O)N(C(=O)Nc3ccccc3)[C@@H]2C(=O)O)CC1,,,CHEMBL1147562,Bioorg. Med. Chem. Lett.,2004,"{'bei': '16.84', 'le': '0.32', 'lle': '5.16', 'sei': '4.50'}",CHEMBL307089,,CHEMBL307089,6.29,False,http://www.openphacts.org/units/Nanomolar,126798,=,1,True,=,,IC50,nM,,515.0,CHEMBL2095193,Homo sapiens,Tryptase,9606,,,IC50,nM,UO_0000065,,515.0
,994198,[],CHEMBL817288,Inhibitory activity of compound against human tryptase was determined,B,,,BAO_0000190,BAO_0000224,protein format,CC(C)C(OC(=O)N1CCN(C(=O)N2C(=O)[C@H](CCCCCN)[C@H]2C(=O)O)CC1)C(C)C,,,CHEMBL1147562,Bioorg. Med. Chem. Lett.,2004,"{'bei': '16.43', 'le': '0.32', 'lle': '5.50', 'sei': '5.60'}",CHEMBL70666,,CHEMBL70666,7.47,False,http://www.openphacts.org/units/Nanomolar,126816,=,1,True,=,,IC50,nM,,34.0,CHEMBL2095193,Homo sapiens,Tryptase,9606,,,IC50,nM,UO_0000065,,34.0
,994199,[],CHEMBL817288,Inhibitory activity of compound against human tryptase was determined,B,,,BAO_0000190,BAO_0000224,protein format,CC(C)C(OC(=O)N1CCN(C(=O)N2C(=O)[C@H](Cc3ccc(N)nc3)[C@H]2C(=O)O)CC1)C(C)C,,,CHEMBL1147562,Bioorg. Med. Chem. Lett.,2004,"{'bei': '12.57', 'le': '0.24', 'lle': '4.31', 'sei': '4.08'}",CHEMBL70619,,CHEMBL70619,5.98,False,http://www.openphacts.org/units/Nanomolar,126812,=,1,True,=,,IC50,nM,,1053.0,CHEMBL2095193,Homo sapiens,Tryptase,9606,,,IC50,nM,UO_0000065,,1053.0
,996834,[],CHEMBL817288,Inhibitory activity of compound against human tryptase was determined,B,,,BAO_0000190,BAO_0000224,protein format,CC(C)C(OC(=O)N1CCN(C(=O)N2C(=O)[C@H](Cc3cccc(CN)c3)[C@H]2C(=O)O)CC1)C(C)C,,,CHEMBL1147562,Bioorg. Med. Chem. Lett.,2004,"{'bei': '15.80', 'le': '0.30', 'lle': '5.57', 'sei': '5.78'}",CHEMBL306696,,CHEMBL306696,7.72,False,http://www.openphacts.org/units/Nanomolar,126809,=,1,True,=,,IC50,nM,,19.0,CHEMBL2095193,Homo sapiens,Tryptase,9606,,,IC50,nM,UO_0000065,,19.0
,1000405,[],CHEMBL817288,Inhibitory activity of compound against human tryptase was determined,B,,,BAO_0000190,BAO_0000224,protein format,CC(C)C(OC(=O)N1CCN(C(=O)N2C(=O)[C@H](CC3CCNC3)[C@H]2C(=O)O)CC1)C(C)C,,,CHEMBL1147562,Bioorg. Med. Chem. Lett.,2004,"{'bei': '12.34', 'le': '0.24', 'lle': '4.13', 'sei': '4.67'}",CHEMBL308015,,CHEMBL308015,5.58,False,http://www.openphacts.org/units/Nanomolar,126802,=,1,True,=,,IC50,nM,,2605.0,CHEMBL2095193,Homo sapiens,Tryptase,9606,,,IC50,nM,UO_0000065,,2605.0
,1005526,[],CHEMBL817288,Inhibitory activity of compound against human tryptase was determined,B,,,BAO_0000190,BAO_0000224,protein format,CC(C)C(OC(=O)N1CCN(C(=O)N2C(=O)[C@H](Cc3ccnc(N)c3)[C@H]2C(=O)O)CC1)C(C)C,,,CHEMBL1147562,Bioorg. Med. Chem. Lett.,2004,"{'bei': '15.17', 'le': '0.29', 'lle': '5.54', 'sei': '4.93'}",CHEMBL422412,,CHEMBL422412,7.21,False,http://www.openphacts.org/units/Nanomolar,126811,=,1,True,=,,IC50,nM,,61.0,CHEMBL2095193,Homo sapiens,Tryptase,9606,,,IC50,nM,UO_0000065,,61.0
,1007910,[],CHEMBL817288,Inhibitory activity of compound against human tryptase was determined,B,,,BAO_0000190,BAO_0000224,protein format,CC(C)(C)CNC(=O)N1CCN(C(=O)N2C(=O)[C@H](CC3CCNCC3)[C@H]2C(=O)O)CC1,,,CHEMBL1147562,Bioorg. Med. Chem. Lett.,2004,"{'bei': '17.19', 'le': '0.33', 'lle': '6.74', 'sei': '6.15'}",CHEMBL308109,,CHEMBL308109,7.52,False,http://www.openphacts.org/units/Nanomolar,126821,=,1,True,=,,IC50,nM,,30.0,CHEMBL2095193,Homo sapiens,Tryptase,9606,,,IC50,nM,UO_0000065,,30.0
,1014084,[],CHEMBL817288,Inhibitory activity of compound against human tryptase was determined,B,,,BAO_0000190,BAO_0000224,protein format,CC(C)C(OC(=O)N1CCN(C(=O)N2C(=O)[C@H](CCCCN=C(N)N)[C@H]2C(=O)O)CC1)C(C)C,,,CHEMBL1147562,Bioorg. Med. Chem. Lett.,2004,"{'bei': '15.35', 'le': '0.30', 'lle': '6.51', 'sei': '4.31'}",CHEMBL70964,,CHEMBL70964,7.41,False,http://www.openphacts.org/units/Nanomolar,126817,=,1,True,=,,IC50,nM,,39.0,CHEMBL2095193,Homo sapiens,Tryptase,9606,,,IC50,nM,UO_0000065,,39.0
,1014085,[],CHEMBL817288,Inhibitory activity of compound against human tryptase was determined,B,,,BAO_0000190,BAO_0000224,protein format,CC(C)C(OC(=O)N1CCN(C(=O)N2C(=O)[C@H](Cc3ccc(CN)cc3)[C@H]2C(=O)O)CC1)C(C)C,,,CHEMBL1147562,Bioorg. Med. Chem. Lett.,2004,"{'bei': '13.66', 'le': '0.26', 'lle': '4.53', 'sei': '5.00'}",CHEMBL430999,,CHEMBL430999,6.68,False,http://www.openphacts.org/units/Nanomolar,126810,=,1,True,=,,IC50,nM,,211.0,CHEMBL2095193,Homo sapiens,Tryptase,9606,,,IC50,nM,UO_0000065,,211.0
,1014086,[],CHEMBL817288,Inhibitory activity of compound against human tryptase was determined,B,,,BAO_0000190,BAO_0000224,protein format,CC(C)(C)NC(=O)N1CCN(C(=O)N2C(=O)[C@H](CCCN=C(N)N)[C@H]2C(=O)O)CC1,,,CHEMBL1147562,Bioorg. Med. Chem. Lett.,2004,"{'bei': '19.74', 'le': '0.38', 'lle': '9.20', 'sei': '4.81'}",CHEMBL71037,,CHEMBL71037,8.40,False,http://www.openphacts.org/units/Nanomolar,126803,=,1,True,=,,IC50,nM,,4.0,CHEMBL2095193,Homo sapiens,Tryptase,9606,,,IC50,nM,UO_0000065,,4.0
,1015591,[],CHEMBL817288,Inhibitory activity of compound against human tryptase was determined,B,,,BAO_0000190,BAO_0000224,protein format,CC(C)C(OC(=O)N1CCN(C(=O)N2C(=O)[C@H](CCCN=C(N)N)[C@H]2C(=O)O)CC1)C(C)C,,,CHEMBL1147562,Bioorg. Med. Chem. Lett.,2004,"{'bei': '17.92', 'le': '0.35', 'lle': '7.89', 'sei': '4.89'}",CHEMBL302058,,CHEMBL302058,8.40,False,http://www.openphacts.org/units/Nanomolar,126818,=,1,True,=,,IC50,nM,,4.0,CHEMBL2095193,Homo sapiens,Tryptase,9606,,,IC50,nM,UO_0000065,,4.0
,1018249,[],CHEMBL817288,Inhibitory activity of compound against human tryptase was determined,B,,,BAO_0000190,BAO_0000224,protein format,CC(C)C(OC(=O)N1CCN(C(=O)N2C(=O)[C@H](CCC3CCNCC3)[C@H]2C(=O)O)CC1)C(C)C,,,CHEMBL1147562,Bioorg. Med. Chem. Lett.,2004,"{'bei': '12.31', 'le': '0.24', 'lle': '3.69', 'sei': '4.95'}",CHEMBL273331,,CHEMBL273331,5.92,False,http://www.openphacts.org/units/Nanomolar,126813,=,1,True,=,,IC50,nM,,1214.0,CHEMBL2095193,Homo sapiens,Tryptase,9606,,,IC50,nM,UO_0000065,,1214.0
,1023219,[],CHEMBL817288,Inhibitory activity of compound against human tryptase was determined,B,,,BAO_0000190,BAO_0000224,protein format,CC(C)C(OC(=O)N1CCN(C(=O)N2C(=O)[C@H](CC3CCNCC3)[C@H]2C(=O)O)CC1)C(C)C,,,CHEMBL1147562,Bioorg. Med. Chem. Lett.,2004,"{'bei': '16.16', 'le': '0.31', 'lle': '5.70', 'sei': '6.31'}",CHEMBL72279,,CHEMBL72279,7.54,False,http://www.openphacts.org/units/Nanomolar,126820,=,1,True,=,,IC50,nM,,29.0,CHEMBL2095193,Homo sapiens,Tryptase,9606,,,IC50,nM,UO_0000065,,29.0
,1024513,[],CHEMBL817288,Inhibitory activity of compound against human tryptase was determined,B,,,BAO_0000190,BAO_0000224,protein format,CC(C)C(OC(=O)N1CCN(C(=O)N2C(=O)[C@H](CCCCCCN)[C@H]2C(=O)O)CC1)C(C)C,,,CHEMBL1147562,Bioorg. Med. Chem. Lett.,2004,"{'bei': '15.99', 'le': '0.31', 'lle': '5.13', 'sei': '5.61'}",CHEMBL70529,,CHEMBL70529,7.50,False,http://www.openphacts.org/units/Nanomolar,126801,=,1,True,=,,IC50,nM,,32.0,CHEMBL2095193,Homo sapiens,Tryptase,9606,,,IC50,nM,UO_0000065,,32.0
,1024514,[],CHEMBL817288,Inhibitory activity of compound against human tryptase was determined,B,,,BAO_0000190,BAO_0000224,protein format,N=C(N)N1CCC[C@@H](C[C@H]2C(=O)N(C(=O)N3CCN(C(=O)CCCCCc4ccccc4)CC3)[C@@H]2C(=O)O)C1,,,CHEMBL1147562,Bioorg. Med. Chem. Lett.,2004,,CHEMBL70738,,CHEMBL70738,,False,http://www.openphacts.org/units/Nanomolar,126804,<,1,True,<,,IC50,nM,,1.7,CHEMBL2095193,Homo sapiens,Tryptase,9606,,,IC50,nM,UO_0000065,,1.7
,1025648,[],CHEMBL817288,Inhibitory activity of compound against human tryptase was determined,B,,,BAO_0000190,BAO_0000224,protein format,CC(C)C(OC(=O)N1CCN(C(=O)N2C(=O)[C@H](CCCN)[C@H]2C(=O)O)CC1)C(C)C,,,CHEMBL1147562,Bioorg. Med. Chem. Lett.,2004,,CHEMBL303827,,CHEMBL303827,,False,http://www.openphacts.org/units/Nanomolar,126799,>,1,True,>,,IC50,nM,,33000.0,CHEMBL2095193,Homo sapiens,Tryptase,9606,,,IC50,nM,UO_0000065,,33000.0
,1028110,[],CHEMBL817290,Inhibitory activity was measured against human mast cell tryptase.,B,,,BAO_0000190,BAO_0000224,protein format,O=C(CCc1ccccc1)Nc1ccc(C(=O)OCN2C(=O)c3ccccc3S2(=O)=O)cc1,,,CHEMBL1131519,J. Med. Chem.,1998,"{'bei': '14.57', 'le': '0.28', 'lle': '3.55', 'sei': '6.16'}",CHEMBL144576,,CHEMBL144576,6.77,False,http://www.openphacts.org/units/Nanomolar,281704,=,1,True,=,,IC50,nM,,170.0,CHEMBL2095193,Homo sapiens,Tryptase,9606,,,IC50,uM,UO_0000065,,0.17
,1028111,[],CHEMBL817290,Inhibitory activity was measured against human mast cell tryptase.,B,,,BAO_0000190,BAO_0000224,protein format,CC(C)(C)OC(=O)N(C(=O)OCN1C(=O)c2ccccc2S1(=O)=O)[C@H](CCCCNC(=O)OCc1ccccc1)C(=O)O,,,CHEMBL1131519,J. Med. Chem.,1998,"{'bei': '7.93', 'le': '0.16', 'lle': '1.20', 'sei': '2.64'}",CHEMBL357689,,CHEMBL357689,4.91,False,http://www.openphacts.org/units/Nanomolar,281700,=,1,True,=,,IC50,nM,,12200.0,CHEMBL2095193,Homo sapiens,Tryptase,9606,,,IC50,uM,UO_0000065,,12.2
,1029540,[],CHEMBL817290,Inhibitory activity was measured against human mast cell tryptase.,B,,,BAO_0000190,BAO_0000224,protein format,C[C@H](NC(=O)OCN1C(=O)c2ccccc2S1(=O)=O)C(=O)N(CC(=O)O)C(=O)OCc1ccccc1,,,CHEMBL1131519,J. Med. Chem.,1998,"{'bei': '9.38', 'le': '0.18', 'lle': '3.72', 'sei': '2.76'}",CHEMBL358761,,CHEMBL358761,4.87,False,http://www.openphacts.org/units/Nanomolar,281716,=,1,True,=,,IC50,nM,,13400.0,CHEMBL2095193,Homo sapiens,Tryptase,9606,,,IC50,uM,UO_0000065,,13.4
,1029541,[],CHEMBL817290,Inhibitory activity was measured against human mast cell tryptase.,B,,,BAO_0000190,BAO_0000224,protein format,O=C(OCN1C(=O)c2ccccc2S1(=O)=O)c1ccc(OCCOc2ccccc2)cc1,,,CHEMBL1131519,J. Med. Chem.,1998,,CHEMBL144359,,CHEMBL144359,,False,http://www.openphacts.org/units/Nanomolar,281710,>,1,True,>,,IC50,nM,,33000.0,CHEMBL2095193,Homo sapiens,Tryptase,9606,,,IC50,uM,UO_0000065,,33.0
,1030680,[],CHEMBL817290,Inhibitory activity was measured against human mast cell tryptase.,B,,,BAO_0000190,BAO_0000224,protein format,Nc1ccc(C(=O)OCN2C(=O)c3ccccc3S2(=O)=O)cc1,,,CHEMBL1131519,J. Med. Chem.,1998,,CHEMBL424493,,CHEMBL424493,,False,http://www.openphacts.org/units/Nanomolar,281712,>,1,True,>,,IC50,nM,,33000.0,CHEMBL2095193,Homo sapiens,Tryptase,9606,,,IC50,uM,UO_0000065,,33.0
,1033103,[],CHEMBL817290,Inhibitory activity was measured against human mast cell tryptase.,B,,,BAO_0000190,BAO_0000224,protein format,O=C(CNC(=O)OCc1ccccc1)OCN1C(=O)c2ccccc2S1(=O)=O,,,CHEMBL1131519,J. Med. Chem.,1998,"{'bei': '12.76', 'le': '0.25', 'lle': '3.90', 'sei': '4.33'}",CHEMBL144648,,CHEMBL144648,5.16,False,http://www.openphacts.org/units/Nanomolar,281696,=,1,True,=,,IC50,nM,,6940.0,CHEMBL2095193,Homo sapiens,Tryptase,9606,,,IC50,uM,UO_0000065,,6.94
,1035695,[],CHEMBL817290,Inhibitory activity was measured against human mast cell tryptase.,B,,,BAO_0000190,BAO_0000224,protein format,CC(C)(C)OC(=O)N(C(=O)OCN1C(=O)c2ccccc2S1(=O)=O)[C@@H](CCCCNC(=O)OCc1ccccc1)C(=O)O,,,CHEMBL1131519,J. Med. Chem.,1998,"{'bei': '10.41', 'le': '0.20', 'lle': '2.74', 'sei': '3.47'}",CHEMBL343239,,CHEMBL343239,6.45,False,http://www.openphacts.org/units/Nanomolar,281715,=,1,True,=,,IC50,nM,,352.0,CHEMBL2095193,Homo sapiens,Tryptase,9606,,,IC50,uM,UO_0000065,,0.352
,1040380,[],CHEMBL817290,Inhibitory activity was measured against human mast cell tryptase.,B,,,BAO_0000190,BAO_0000224,protein format,CC(C)(C)OC(=O)NCCCCCC(=O)OCN1C(=O)c2ccccc2S1(=O)=O,,,CHEMBL1131519,J. Med. Chem.,1998,"{'bei': '12.36', 'le': '0.25', 'lle': '2.85', 'sei': '4.43'}",CHEMBL145238,,CHEMBL145238,5.27,False,http://www.openphacts.org/units/Nanomolar,281709,=,1,True,=,,IC50,nM,,5370.0,CHEMBL2095193,Homo sapiens,Tryptase,9606,,,IC50,uM,UO_0000065,,5.37
,1042613,[],CHEMBL817290,Inhibitory activity was measured against human mast cell tryptase.,B,,,BAO_0000190,BAO_0000224,protein format,O=C(CCCCNC(=O)OCc1ccccc1)OCN1C(=O)c2ccccc2S1(=O)=O,,,CHEMBL1131519,J. Med. Chem.,1998,"{'bei': '15.59', 'le': '0.31', 'lle': '4.53', 'sei': '5.84'}",CHEMBL341885,,CHEMBL341885,6.96,False,http://www.openphacts.org/units/Nanomolar,281697,=,1,True,=,,IC50,nM,,110.0,CHEMBL2095193,Homo sapiens,Tryptase,9606,,,IC50,uM,UO_0000065,,0.11
,1045415,[],CHEMBL817290,Inhibitory activity was measured against human mast cell tryptase.,B,,,BAO_0000190,BAO_0000224,protein format,O=C(NCc1ccc(C(=O)OCN2C(=O)c3ccccc3S2(=O)=O)cc1)Oc1ccccc1,,,CHEMBL1131519,J. Med. Chem.,1998,"{'bei': '13.29', 'le': '0.26', 'lle': '3.27', 'sei': '5.21'}",CHEMBL357829,,CHEMBL357829,6.20,False,http://www.openphacts.org/units/Nanomolar,281701,=,1,True,=,,IC50,nM,,630.0,CHEMBL2095193,Homo sapiens,Tryptase,9606,,,IC50,uM,UO_0000065,,0.63
,1047819,[],CHEMBL817290,Inhibitory activity was measured against human mast cell tryptase.,B,,,BAO_0000190,BAO_0000224,protein format,O=C(O)CCN(C(=O)CCNC(=O)OCN1C(=O)c2ccccc2S1(=O)=O)C(=O)OCc1ccccc1,,,CHEMBL1131519,J. Med. Chem.,1998,,CHEMBL439808,,CHEMBL439808,,False,http://www.openphacts.org/units/Nanomolar,281707,>,1,True,>,,IC50,nM,,33000.0,CHEMBL2095193,Homo sapiens,Tryptase,9606,,,IC50,uM,UO_0000065,,33.0
,1049004,[],CHEMBL817290,Inhibitory activity was measured against human mast cell tryptase.,B,,,BAO_0000190,BAO_0000224,protein format,O=C(NCCc1ccccc1)c1ccc(C(=O)OCN2C(=O)c3ccccc3S2(=O)=O)cc1,,,CHEMBL1131519,J. Med. Chem.,1998,"{'bei': '13.28', 'le': '0.26', 'lle': '3.55', 'sei': '5.62'}",CHEMBL144167,,CHEMBL144167,6.17,False,http://www.openphacts.org/units/Nanomolar,281703,=,1,True,=,,IC50,nM,,679.0,CHEMBL2095193,Homo sapiens,Tryptase,9606,,,IC50,uM,UO_0000065,,0.679
,1051368,[],CHEMBL817290,Inhibitory activity was measured against human mast cell tryptase.,B,,,BAO_0000190,BAO_0000224,protein format,O=C(CCCCCNC(=O)OCc1ccccc1)OCN1C(=O)c2ccccc2S1(=O)=O,,,CHEMBL1131519,J. Med. Chem.,1998,"{'bei': '13.81', 'le': '0.27', 'lle': '3.54', 'sei': '5.34'}",CHEMBL143450,,CHEMBL143450,6.36,False,http://www.openphacts.org/units/Nanomolar,281699,=,1,True,=,,IC50,nM,,436.0,CHEMBL2095193,Homo sapiens,Tryptase,9606,,,IC50,uM,UO_0000065,,0.436
,1051369,[],CHEMBL817290,Inhibitory activity was measured against human mast cell tryptase.,B,,,BAO_0000190,BAO_0000224,protein format,O=C(O)CCN(C(=O)CNC(=O)OCN1C(=O)c2ccccc2S1(=O)=O)C(=O)OCc1ccccc1,,,CHEMBL1131519,J. Med. Chem.,1998,"{'bei': '12.69', 'le': '0.25', 'lle': '5.44', 'sei': '3.73'}",CHEMBL356570,,CHEMBL356570,6.59,False,http://www.openphacts.org/units/Nanomolar,281708,=,1,True,=,,IC50,nM,,255.0,CHEMBL2095193,Homo sapiens,Tryptase,9606,,,IC50,uM,UO_0000065,,0.255
,1051370,[],CHEMBL817290,Inhibitory activity was measured against human mast cell tryptase.,B,,,BAO_0000190,BAO_0000224,protein format,O=C(NCc1ccccc1)Nc1ccc(C(=O)OCN2C(=O)c3ccccc3S2(=O)=O)cc1,,,CHEMBL1131519,J. Med. Chem.,1998,"{'bei': '12.94', 'le': '0.25', 'lle': '3.05', 'sei': '4.94'}",CHEMBL144669,,CHEMBL144669,6.02,False,http://www.openphacts.org/units/Nanomolar,281714,=,1,True,=,,IC50,nM,,950.0,CHEMBL2095193,Homo sapiens,Tryptase,9606,,,IC50,uM,UO_0000065,,0.95
,1052602,[],CHEMBL817290,Inhibitory activity was measured against human mast cell tryptase.,B,,,BAO_0000190,BAO_0000224,protein format,O=C(Nc1ccc(C(=O)OCN2C(=O)c3ccccc3S2(=O)=O)cc1)OCc1ccccc1,,,CHEMBL1131519,J. Med. Chem.,1998,"{'bei': '15.42', 'le': '0.30', 'lle': '3.80', 'sei': '6.04'}",CHEMBL144342,,CHEMBL144342,7.19,False,http://www.openphacts.org/units/Nanomolar,281705,=,1,True,=,,IC50,nM,,64.3,CHEMBL2095193,Homo sapiens,Tryptase,9606,,,IC50,uM,UO_0000065,,0.0643
,1053759,[],CHEMBL817290,Inhibitory activity was measured against human mast cell tryptase.,B,,,BAO_0000190,BAO_0000224,protein format,O=C(CCCNC(=O)OCc1ccccc1)OCN1C(=O)c2ccccc2S1(=O)=O,,,CHEMBL1131519,J. Med. Chem.,1998,"{'bei': '14.93', 'le': '0.29', 'lle': '4.42', 'sei': '5.42'}",CHEMBL144312,,CHEMBL144312,6.46,False,http://www.openphacts.org/units/Nanomolar,281717,=,1,True,=,,IC50,nM,,349.0,CHEMBL2095193,Homo sapiens,Tryptase,9606,,,IC50,uM,UO_0000065,,0.349
,1056270,[],CHEMBL817290,Inhibitory activity was measured against human mast cell tryptase.,B,,,BAO_0000190,BAO_0000224,protein format,O=C(O)CN(C(=O)CNC(=O)OCN1C(=O)c2ccccc2S1(=O)=O)C(=O)OCc1ccccc1,,,CHEMBL1131519,J. Med. Chem.,1998,"{'bei': '11.96', 'le': '0.24', 'lle': '5.29', 'sei': '3.42'}",CHEMBL144163,,CHEMBL144163,6.05,False,http://www.openphacts.org/units/Nanomolar,281698,=,1,True,=,,IC50,nM,,900.0,CHEMBL2095193,Homo sapiens,Tryptase,9606,,,IC50,uM,UO_0000065,,0.9
,1056271,[],CHEMBL817290,Inhibitory activity was measured against human mast cell tryptase.,B,,,BAO_0000190,BAO_0000224,protein format,O=C(NCc1ccc(C(=O)OCN2C(=O)c3ccccc3S2(=O)=O)cc1)OCc1ccccc1,,,CHEMBL1131519,J. Med. Chem.,1998,"{'bei': '13.43', 'le': '0.26', 'lle': '3.38', 'sei': '5.42'}",CHEMBL144867,,CHEMBL144867,6.45,False,http://www.openphacts.org/units/Nanomolar,281711,=,1,True,=,,IC50,nM,,352.0,CHEMBL2095193,Homo sapiens,Tryptase,9606,,,IC50,uM,UO_0000065,,0.352
,1060025,[],CHEMBL817290,Inhibitory activity was measured against human mast cell tryptase.,B,,,BAO_0000190,BAO_0000224,protein format,O=C(CCNC(=O)OCc1ccccc1)OCN1C(=O)c2ccccc2S1(=O)=O,,,CHEMBL1131519,J. Med. Chem.,1998,"{'bei': '14.50', 'le': '0.29', 'lle': '4.42', 'sei': '5.10'}",CHEMBL344560,,CHEMBL344560,6.07,False,http://www.openphacts.org/units/Nanomolar,281718,=,1,True,=,,IC50,nM,,854.0,CHEMBL2095193,Homo sapiens,Tryptase,9606,,,IC50,uM,UO_0000065,,0.854
,1060032,[],CHEMBL817290,Inhibitory activity was measured against human mast cell tryptase.,B,,,BAO_0000190,BAO_0000224,protein format,O=C(Nc1cccc(C(=O)OCN2C(=O)c3ccccc3S2(=O)=O)c1)OCc1ccccc1,,,CHEMBL1131519,J. Med. Chem.,1998,,CHEMBL144711,,CHEMBL144711,,False,http://www.openphacts.org/units/Nanomolar,281706,>,1,True,>,,IC50,nM,,33000.0,CHEMBL2095193,Homo sapiens,Tryptase,9606,,,IC50,uM,UO_0000065,,33.0
,1064012,[],CHEMBL817290,Inhibitory activity was measured against human mast cell tryptase.,B,,,BAO_0000190,BAO_0000224,protein format,O=C(Cc1ccccc1)NCc1ccc(C(=O)OCN2C(=O)c3ccccc3S2(=O)=O)cc1,,,CHEMBL1131519,J. Med. Chem.,1998,"{'bei': '14.81', 'le': '0.28', 'lle': '4.38', 'sei': '6.26'}",CHEMBL144603,,CHEMBL144603,6.88,False,http://www.openphacts.org/units/Nanomolar,281713,=,1,True,=,,IC50,nM,,132.0,CHEMBL2095193,Homo sapiens,Tryptase,9606,,,IC50,uM,UO_0000065,,0.132
,1065247,[],CHEMBL817290,Inhibitory activity was measured against human mast cell tryptase.,B,,,BAO_0000190,BAO_0000224,protein format,O=C(NCc1ccc(C(=O)OCN2C(=O)c3ccccc3S2(=O)=O)cc1)Nc1ccccc1,,,CHEMBL1131519,J. Med. Chem.,1998,"{'bei': '14.62', 'le': '0.28', 'lle': '3.83', 'sei': '5.58'}",CHEMBL144166,,CHEMBL144166,6.80,False,http://www.openphacts.org/units/Nanomolar,281702,=,1,True,=,,IC50,nM,,157.0,CHEMBL2095193,Homo sapiens,Tryptase,9606,,,IC50,uM,UO_0000065,,0.157
,1070622,[],CHEMBL697873,In vitro inhibition of human tryptase.,B,,,BAO_0000190,BAO_0000224,protein format,N=C(N)NCCC[C@H]1C(=O)N(C(=O)N2CCN(C(=O)OCCc3ccccc3)CC2)[C@@H]1C(=O)O,,,CHEMBL1134957,Bioorg. Med. Chem. Lett.,2002,"{'bei': '19.29', 'le': '0.37', 'lle': '8.87', 'sei': '5.41'}",CHEMBL322538,,CHEMBL322538,9.15,False,http://www.openphacts.org/units/Nanomolar,206891,=,1,True,=,,IC50,nM,,0.7,CHEMBL2095193,Homo sapiens,Tryptase,9606,,,IC50,nM,UO_0000065,,0.7
,1072770,[],CHEMBL697873,In vitro inhibition of human tryptase.,B,,,BAO_0000190,BAO_0000224,protein format,CC(C)(C)OC(=O)N1CCN(C(=O)N2C(=O)[C@H](CCCN=C(N)N)[C@H]2C(=O)N2CCCCC2)CC1,,,CHEMBL1134957,Bioorg. Med. Chem. Lett.,2002,"{'bei': '17.27', 'le': '0.33', 'lle': '7.97', 'sei': '5.50'}",CHEMBL107493,,CHEMBL107493,8.52,False,http://www.openphacts.org/units/Nanomolar,206897,=,1,True,=,,IC50,nM,,3.0,CHEMBL2095193,Homo sapiens,Tryptase,9606,,,IC50,nM,UO_0000065,,3.0
,1076414,[],CHEMBL697873,In vitro inhibition of human tryptase.,B,,,BAO_0000190,BAO_0000224,protein format,CC(C)(C)OC(=O)N1CCN(C(=O)N2C(=O)[C@H](CCCN=C(N)N)[C@H]2C(=O)O)CC1,,,CHEMBL1134957,Bioorg. Med. Chem. Lett.,2002,"{'bei': '19.69', 'le': '0.38', 'lle': '8.78', 'sei': '4.89'}",CHEMBL321622,,CHEMBL321622,8.40,False,http://www.openphacts.org/units/Nanomolar,206893,=,1,True,=,,IC50,nM,,4.0,CHEMBL2095193,Homo sapiens,Tryptase,9606,,,IC50,nM,UO_0000065,,4.0
,1077635,[],CHEMBL697873,In vitro inhibition of human tryptase.,B,,,BAO_0000190,BAO_0000224,protein format,CCN(CC)C(=O)N1CCN(C(=O)N2C(=O)[C@H](CCCN=C(N)N)[C@H]2C(=O)O)CC1,,,CHEMBL1134957,Bioorg. Med. Chem. Lett.,2002,"{'bei': '19.51', 'le': '0.38', 'lle': '9.15', 'sei': '5.00'}",CHEMBL109947,,CHEMBL109947,8.30,False,http://www.openphacts.org/units/Nanomolar,206889,=,1,True,=,,IC50,nM,,5.0,CHEMBL2095193,Homo sapiens,Tryptase,9606,,,IC50,nM,UO_0000065,,5.0
,1077643,[],CHEMBL697873,In vitro inhibition of human tryptase.,B,,,BAO_0000190,BAO_0000224,protein format,CNC(=O)[C@@H]1[C@@H](CCCN=C(N)N)C(=O)N1C(=O)N1CCN(C(=O)OC(C)(C)C)CC1,,,CHEMBL1134957,Bioorg. Med. Chem. Lett.,2002,"{'bei': '20.83', 'le': '0.40', 'lle': '9.86', 'sei': '5.59'}",CHEMBL110061,,CHEMBL110061,9.15,False,http://www.openphacts.org/units/Nanomolar,206898,=,1,True,=,,IC50,nM,,0.7,CHEMBL2095193,Homo sapiens,Tryptase,9606,,,IC50,nM,UO_0000065,,0.7
,1085550,[],CHEMBL697873,In vitro inhibition of human tryptase.,B,,,BAO_0000190,BAO_0000224,protein format,N=C(N)NCCC[C@H]1C(=O)N(C(=O)Nc2ccccc2)[C@@H]1C(=O)O,,,CHEMBL1134957,Bioorg. Med. Chem. Lett.,2002,"{'bei': '24.66', 'le': '0.47', 'lle': '7.83', 'sei': '5.53'}",CHEMBL320744,,CHEMBL320744,8.22,False,http://www.openphacts.org/units/Nanomolar,206882,=,1,True,=,,IC50,nM,,6.0,CHEMBL2095193,Homo sapiens,Tryptase,9606,,,IC50,nM,UO_0000065,,6.0
,1086579,[],CHEMBL697873,In vitro inhibition of human tryptase.,B,,,BAO_0000190,BAO_0000224,protein format,N=C(N)NCCC[C@H]1C(=O)N(C(=O)NC2CCCCC2)[C@@H]1C(=O)O,,,CHEMBL1134957,Bioorg. Med. Chem. Lett.,2002,"{'bei': '22.82', 'le': '0.44', 'lle': '7.54', 'sei': '5.21'}",CHEMBL111141,,CHEMBL111141,7.75,False,http://www.openphacts.org/units/Nanomolar,206883,=,1,True,=,,IC50,nM,,18.0,CHEMBL2095193,Homo sapiens,Tryptase,9606,,,IC50,nM,UO_0000065,,18.0
,1087649,[],CHEMBL697873,In vitro inhibition of human tryptase.,B,,,BAO_0000190,BAO_0000224,protein format,N=C(N)NCCC[C@H]1C(=O)N(C(=O)c2ccc(-c3ccccc3)cc2)[C@@H]1C(=O)O,,,CHEMBL1134957,Bioorg. Med. Chem. Lett.,2002,"{'bei': '22.82', 'le': '0.42', 'lle': '7.33', 'sei': '6.59'}",CHEMBL111250,,CHEMBL111250,9.00,False,http://www.openphacts.org/units/Nanomolar,206885,=,1,True,=,,IC50,nM,,1.0,CHEMBL2095193,Homo sapiens,Tryptase,9606,,,IC50,nM,UO_0000065,,1.0
,1087657,[],CHEMBL697873,In vitro inhibition of human tryptase.,B,,,BAO_0000190,BAO_0000224,protein format,N=C(N)NCCC[C@H]1C(=O)N(C(=O)N2CCN(S(=O)(=O)c3ccccc3)CC2)[C@@H]1C(=O)O,,,CHEMBL1134957,Bioorg. Med. Chem. Lett.,2002,"{'bei': '16.90', 'le': '0.34', 'lle': '8.60', 'sei': '4.45'}",CHEMBL109602,,CHEMBL109602,7.89,False,http://www.openphacts.org/units/Nanomolar,206886,=,1,True,=,,IC50,nM,,13.0,CHEMBL2095193,Homo sapiens,Tryptase,9606,,,IC50,nM,UO_0000065,,13.0
,1087665,[],CHEMBL697873,In vitro inhibition of human tryptase.,B,,,BAO_0000190,BAO_0000224,protein format,CC(C)(C)CC(=O)N1CCN(C(=O)N2C(=O)[C@H](CCCN=C(N)N)[C@H]2C(=O)O)CC1,,,CHEMBL1134957,Bioorg. Med. Chem. Lett.,2002,"{'bei': '18.75', 'le': '0.36', 'lle': '8.31', 'sei': '4.89'}",CHEMBL109882,,CHEMBL109882,7.96,False,http://www.openphacts.org/units/Nanomolar,206896,=,1,True,=,,IC50,nM,,11.0,CHEMBL2095193,Homo sapiens,Tryptase,9606,,,IC50,nM,UO_0000065,,11.0
,1088805,[],CHEMBL697873,In vitro inhibition of human tryptase.,B,,,BAO_0000190,BAO_0000224,protein format,CC(C)(C)C(=O)N1CCN(C(=O)N2C(=O)[C@H](CCCN=C(N)N)[C@H]2C(=O)O)CC1,,,CHEMBL1134957,Bioorg. Med. Chem. Lett.,2002,"{'bei': '19.87', 'le': '0.38', 'lle': '8.89', 'sei': '5.01'}",CHEMBL326480,,CHEMBL326480,8.15,False,http://www.openphacts.org/units/Nanomolar,206888,=,1,True,=,,IC50,nM,,7.0,CHEMBL2095193,Homo sapiens,Tryptase,9606,,,IC50,nM,UO_0000065,,7.0
,1091011,[],CHEMBL697873,In vitro inhibition of human tryptase.,B,,,BAO_0000190,BAO_0000224,protein format,N=C(N)NCCC[C@H]1C(=O)N(C(=O)Nc2ccccc2)[C@@H]1C(=O)O,,,CHEMBL1134957,Bioorg. Med. Chem. Lett.,2002,"{'bei': '15.81', 'le': '0.30', 'lle': '4.88', 'sei': '3.55'}",CHEMBL320744,,CHEMBL320744,5.27,False,http://www.openphacts.org/units/Nanomolar,206903,=,1,True,=,,IC50,nM,,5380.0,CHEMBL2095193,Homo sapiens,Tryptase,9606,,,IC50,nM,UO_0000065,,5380.0
,1092177,[],CHEMBL697873,In vitro inhibition of human tryptase.,B,,,BAO_0000190,BAO_0000224,protein format,N=C(N)NCCC[C@H]1C(=O)N(C(=O)c2ccccc2)[C@@H]1C(=O)O,,,CHEMBL1134957,Bioorg. Med. Chem. Lett.,2002,"{'bei': '25.27', 'le': '0.48', 'lle': None, 'sei': '5.89'}",CHEMBL111270,,CHEMBL111270,8.05,False,http://www.openphacts.org/units/Nanomolar,206884,=,1,True,=,,IC50,nM,,9.0,CHEMBL2095193,Homo sapiens,Tryptase,9606,,,IC50,nM,UO_0000065,,9.0
,1093210,[],CHEMBL697873,In vitro inhibition of human tryptase.,B,,,BAO_0000190,BAO_0000224,protein format,COC(=O)N1CCN(C(=O)N2C(=O)[C@H](CCCN=C(N)N)[C@H]2C(=O)O)CC1,,,CHEMBL1134957,Bioorg. Med. Chem. Lett.,2002,"{'bei': '20.93', 'le': '0.41', 'lle': '9.59', 'sei': '4.68'}",CHEMBL109254,,CHEMBL109254,8.05,False,http://www.openphacts.org/units/Nanomolar,206892,=,1,True,=,,IC50,nM,,9.0,CHEMBL2095193,Homo sapiens,Tryptase,9606,,,IC50,nM,UO_0000065,,9.0
,1094455,[],CHEMBL697873,In vitro inhibition of human tryptase.,B,,,BAO_0000190,BAO_0000224,protein format,N=C(N)NCCC[C@H]1C(=O)N(C(=O)Nc2ccccc2)[C@@H]1C(=O)O,,,CHEMBL1134957,Bioorg. Med. Chem. Lett.,2002,"{'bei': '18.01', 'le': '0.34', 'lle': '5.61', 'sei': '4.04'}",CHEMBL320744,,CHEMBL320744,6.00,False,http://www.openphacts.org/units/Nanomolar,206902,=,1,True,=,,IC50,nM,,992.0,CHEMBL2095193,Homo sapiens,Tryptase,9606,,,IC50,nM,UO_0000065,,992.0
,1095523,[],CHEMBL697873,In vitro inhibition of human tryptase.,B,,,BAO_0000190,BAO_0000224,protein format,N=C(N)NCCC[C@H]1C(=O)N(C(=O)c2cccs2)[C@@H]1C(=O)O,,,CHEMBL1134957,Bioorg. Med. Chem. Lett.,2002,"{'bei': '27.75', 'le': '0.56', 'lle': '8.94', 'sei': '6.59'}",CHEMBL443539,,CHEMBL443539,9.00,False,http://www.openphacts.org/units/Nanomolar,206900,=,1,True,=,,IC50,nM,,1.0,CHEMBL2095193,Homo sapiens,Tryptase,9606,,,IC50,nM,UO_0000065,,1.0
,1095531,[],CHEMBL697873,In vitro inhibition of human tryptase.,B,,,BAO_0000190,BAO_0000224,protein format,N=C(N)NCCC[C@H]1C(=O)N(C(=O)N2CCN(C(=O)c3ccccc3)CC2)[C@@H]1C(=O)O,,,CHEMBL1134957,Bioorg. Med. Chem. Lett.,2002,"{'bei': '19.24', 'le': '0.36', 'lle': '8.54', 'sei': '5.17'}",CHEMBL111548,,CHEMBL111548,8.28,False,http://www.openphacts.org/units/Nanomolar,206887,=,1,True,=,,IC50,nM,,5.2,CHEMBL2095193,Homo sapiens,Tryptase,9606,,,IC50,nM,UO_0000065,,5.2
,1097735,[],CHEMBL697873,In vitro inhibition of human tryptase.,B,,,BAO_0000190,BAO_0000224,protein format,N=C(N)NCCC[C@H]1C(=O)N(C(=O)NCc2ccccc2)[C@@H]1C(=O)O,,,CHEMBL1134957,Bioorg. Med. Chem. Lett.,2002,"{'bei': '20.58', 'le': '0.39', 'lle': '7.08', 'sei': '4.81'}",CHEMBL320529,,CHEMBL320529,7.15,False,http://www.openphacts.org/units/Nanomolar,206901,=,1,True,=,,IC50,nM,,71.0,CHEMBL2095193,Homo sapiens,Tryptase,9606,,,IC50,nM,UO_0000065,,71.0
,1098945,[],CHEMBL697873,In vitro inhibition of human tryptase.,B,,,BAO_0000190,BAO_0000224,protein format,N=C(N)NCCC[C@H]1C(=O)N(S(=O)(=O)c2ccc(-c3ccccc3)cc2)[C@@H]1C(=O)O,,,CHEMBL1134957,Bioorg. Med. Chem. Lett.,2002,"{'bei': '20.91', 'le': '0.41', 'lle': '7.78', 'sei': '5.86'}",CHEMBL109888,,CHEMBL109888,9.00,False,http://www.openphacts.org/units/Nanomolar,206894,=,1,True,=,,IC50,nM,,1.0,CHEMBL2095193,Homo sapiens,Tryptase,9606,,,IC50,nM,UO_0000065,,1.0
,1100064,[],CHEMBL697873,In vitro inhibition of human tryptase.,B,,,BAO_0000190,BAO_0000224,protein format,CC(C)(C)NC(=O)N1CCN(C(=O)N2C(=O)[C@H](CCCN=C(N)N)[C@H]2C(=O)O)CC1,,,CHEMBL1134957,Bioorg. Med. Chem. Lett.,2002,"{'bei': '19.74', 'le': '0.38', 'lle': '9.20', 'sei': '4.81'}",CHEMBL71037,,CHEMBL71037,8.40,True,http://www.openphacts.org/units/Nanomolar,206890,=,1,True,=,,IC50,nM,,4.0,CHEMBL2095193,Homo sapiens,Tryptase,9606,,,IC50,nM,UO_0000065,,4.0
,1101105,[],CHEMBL697873,In vitro inhibition of human tryptase.,B,,,BAO_0000190,BAO_0000224,protein format,CC(C)(C)OC(=O)N1CCN(C(=O)N2C(=O)[C@H](CCCN=C(N)N)[C@H]2C(N)=O)CC1,,,CHEMBL1134957,Bioorg. Med. Chem. Lett.,2002,"{'bei': '22.09', 'le': '0.43', 'lle': '10.37', 'sei': '5.29'}",CHEMBL322526,,CHEMBL322526,9.40,False,http://www.openphacts.org/units/Nanomolar,206899,=,1,True,=,,IC50,nM,,0.4,CHEMBL2095193,Homo sapiens,Tryptase,9606,,,IC50,nM,UO_0000065,,0.4
,1183597,[],CHEMBL817287,Inhibition of human tryptase.,B,,,BAO_0000190,BAO_0000224,protein format,NCc1cccc(NC(=O)CN2CCCCC(NC(=O)c3cnc4ccccc4c3)C2=O)c1,,,CHEMBL1139445,Bioorg. Med. Chem. Lett.,2004,"{'bei': '10.83', 'le': '0.20', 'lle': '2.38', 'sei': '4.11'}",CHEMBL107791,,CHEMBL107791,4.82,False,http://www.openphacts.org/units/Nanomolar,198093,=,1,True,=,,IC50,nM,,15000.0,CHEMBL2095193,Homo sapiens,Tryptase,9606,,,IC50,nM,UO_0000065,,15000.0
,1184910,[],CHEMBL817287,Inhibition of human tryptase.,B,,,BAO_0000190,BAO_0000224,protein format,NC1CCCc2ccc(NC(=O)CN3CCCCC(NC(=O)c4ccc(-c5ccccc5)cc4)C3=O)cc21,,,CHEMBL1139445,Bioorg. Med. Chem. Lett.,2004,,CHEMBL104354,,CHEMBL104354,,False,http://www.openphacts.org/units/Nanomolar,198078,>,1,True,>,,IC50,nM,,33000.0,CHEMBL2095193,Homo sapiens,Tryptase,9606,,,IC50,nM,UO_0000065,,33000.0
,1184911,[],CHEMBL817287,Inhibition of human tryptase.,B,,,BAO_0000190,BAO_0000224,protein format,NCc1cccc(NC(=O)CN2CCCCC(NC(=O)c3ccc(C4CCCCC4)cc3)C2=O)c1,,,CHEMBL1139445,Bioorg. Med. Chem. Lett.,2004,"{'bei': '12.61', 'le': '0.23', 'lle': '2.07', 'sei': '5.75'}",CHEMBL432789,,CHEMBL432789,6.01,False,http://www.openphacts.org/units/Nanomolar,198083,=,1,True,=,,IC50,nM,,980.0,CHEMBL2095193,Homo sapiens,Tryptase,9606,,,IC50,nM,UO_0000065,,980.0
,1186245,[],CHEMBL817287,Inhibition of human tryptase.,B,,,BAO_0000190,BAO_0000224,protein format,NCCCCNC(=O)CN1CCCCC(NC(=O)c2ccc(-c3ccccc3)cc2)C1=O,,,CHEMBL1139445,Bioorg. Med. Chem. Lett.,2004,,CHEMBL107476,,CHEMBL107476,,False,http://www.openphacts.org/units/Nanomolar,198070,>,1,True,>,,IC50,nM,,33000.0,CHEMBL2095193,Homo sapiens,Tryptase,9606,,,IC50,nM,UO_0000065,,33000.0
,1186246,[],CHEMBL817287,Inhibition of human tryptase.,B,,,BAO_0000190,BAO_0000224,protein format,NCc1ccccc1NC(=O)CN1CCCCC(NC(=O)c2ccc(-c3ccccc3)cc2)C1=O,,,CHEMBL1139445,Bioorg. Med. Chem. Lett.,2004,,CHEMBL104434,,CHEMBL104434,,False,http://www.openphacts.org/units/Nanomolar,198082,>,1,True,>,,IC50,nM,,33000.0,CHEMBL2095193,Homo sapiens,Tryptase,9606,,,IC50,nM,UO_0000065,,33000.0
,1186247,[],CHEMBL817287,Inhibition of human tryptase.,B,,,BAO_0000190,BAO_0000224,protein format,NCc1ccc(Cl)c(NC(=O)CN2CCCCC(NC(=O)c3ccc(-c4ccccc4)cc3)C2=O)c1,,,CHEMBL1139445,Bioorg. Med. Chem. Lett.,2004,"{'bei': '14.69', 'le': '0.28', 'lle': '3.20', 'sei': '7.10'}",CHEMBL323783,,CHEMBL323783,7.42,False,http://www.openphacts.org/units/Nanomolar,198089,=,1,True,=,,IC50,nM,,38.0,CHEMBL2095193,Homo sapiens,Tryptase,9606,,,IC50,nM,UO_0000065,,38.0
,1186248,[],CHEMBL817287,Inhibition of human tryptase.,B,,,BAO_0000190,BAO_0000224,protein format,NCc1ccc(Cl)c(NC(=O)CN2CCCCC(NC(=O)c3ccc(-c4ccccc4)cc3)C2=O)c1,,,CHEMBL1139445,Bioorg. Med. Chem. Lett.,2004,"{'bei': '14.69', 'le': '0.28', 'lle': '3.20', 'sei': '7.10'}",CHEMBL323783,,CHEMBL323783,7.42,False,http://www.openphacts.org/units/Nanomolar,198089,=,1,True,=,,IC50,nM,,38.0,CHEMBL2095193,Homo sapiens,Tryptase,9606,,,IC50,nM,UO_0000065,,38.0
,1187567,[],CHEMBL817287,Inhibition of human tryptase.,B,,,BAO_0000190,BAO_0000224,protein format,NCc1cccc(NC(=O)CN2CCCCC(NC(=O)CC(c3ccccc3)c3ccccc3)C2=O)c1,,,CHEMBL1139445,Bioorg. Med. Chem. Lett.,2004,"{'bei': '13.43', 'le': '0.25', 'lle': '2.90', 'sei': '6.41'}",CHEMBL321466,,CHEMBL321466,6.70,False,http://www.openphacts.org/units/Nanomolar,198092,=,1,True,=,,IC50,nM,,200.0,CHEMBL2095193,Homo sapiens,Tryptase,9606,,,IC50,nM,UO_0000065,,200.0
,1187568,[],CHEMBL817287,Inhibition of human tryptase.,B,,,BAO_0000190,BAO_0000224,protein format,NCc1cccc(NC(=O)CN2CCCCC(NC(=O)CC(c3ccccc3)c3ccccc3)C2=O)c1,,,CHEMBL1139445,Bioorg. Med. Chem. Lett.,2004,"{'bei': '13.43', 'le': '0.25', 'lle': '2.90', 'sei': '6.41'}",CHEMBL321466,,CHEMBL321466,6.70,False,http://www.openphacts.org/units/Nanomolar,198092,=,1,True,=,,IC50,nM,,200.0,CHEMBL2095193,Homo sapiens,Tryptase,9606,,,IC50,nM,UO_0000065,,200.0
,1191656,[],CHEMBL817287,Inhibition of human tryptase.,B,,,BAO_0000190,BAO_0000224,protein format,O=C(CN1CCCCC(NC(=O)c2ccc(-c3ccccc3)cc2)C1=O)NCC1CCNCC1,,,CHEMBL1139445,Bioorg. Med. Chem. Lett.,2004,,CHEMBL107805,,CHEMBL107805,,False,http://www.openphacts.org/units/Nanomolar,198098,>,1,True,>,,IC50,nM,,33000.0,CHEMBL2095193,Homo sapiens,Tryptase,9606,,,IC50,nM,UO_0000065,,33000.0
,1191657,[],CHEMBL817287,Inhibition of human tryptase.,B,,,BAO_0000190,BAO_0000224,protein format,CCN(CC)Cc1cccc(NC(=O)CN2CCCCC(NC(=O)c3ccc(-c4ccccc4)cc3)C2=O)c1,,,CHEMBL1139445,Bioorg. Med. Chem. Lett.,2004,,CHEMBL106183,,CHEMBL106183,,False,http://www.openphacts.org/units/Nanomolar,198075,>,1,True,>,,IC50,nM,,33000.0,CHEMBL2095193,Homo sapiens,Tryptase,9606,,,IC50,nM,UO_0000065,,33000.0
,1192809,[],CHEMBL817287,Inhibition of human tryptase.,B,,,BAO_0000190,BAO_0000224,protein format,NCC1CCC(NC(=O)CN2CCCCC(NC(=O)c3ccc(-c4ccccc4)cc3)C2=O)CC1,,,CHEMBL1139445,Bioorg. Med. Chem. Lett.,2004,"{'bei': '10.32', 'le': '0.19', 'lle': '1.82', 'sei': '4.71'}",CHEMBL106146,,CHEMBL106146,4.92,False,http://www.openphacts.org/units/Nanomolar,198071,=,1,True,=,,IC50,nM,,12000.0,CHEMBL2095193,Homo sapiens,Tryptase,9606,,,IC50,nM,UO_0000065,,12000.0
,1195381,[],CHEMBL817287,Inhibition of human tryptase.,B,,,BAO_0000190,BAO_0000224,protein format,CNCc1cccc(NC(=O)CN2CCCCC(NC(=O)c3ccc(-c4ccccc4)cc3)C2=O)c1,,,CHEMBL1139445,Bioorg. Med. Chem. Lett.,2004,,CHEMBL107690,,CHEMBL107690,,False,http://www.openphacts.org/units/Nanomolar,198076,>,1,True,>,,IC50,nM,,33000.0,CHEMBL2095193,Homo sapiens,Tryptase,9606,,,IC50,nM,UO_0000065,,33000.0
,1195382,[],CHEMBL817287,Inhibition of human tryptase.,B,,,BAO_0000190,BAO_0000224,protein format,Cc1ccc(-c2ccc(C(=O)NC3CCCCN(CC(=O)Nc4cccc(CN)c4)C3=O)cc2)cc1,,,CHEMBL1139445,Bioorg. Med. Chem. Lett.,2004,"{'bei': '12.15', 'le': '0.22', 'lle': '2.02', 'sei': '5.63'}",CHEMBL104220,,CHEMBL104220,5.89,False,http://www.openphacts.org/units/Nanomolar,198088,=,1,True,=,,IC50,nM,,1300.0,CHEMBL2095193,Homo sapiens,Tryptase,9606,,,IC50,nM,UO_0000065,,1300.0
,1200574,[],CHEMBL817287,Inhibition of human tryptase.,B,,,BAO_0000190,BAO_0000224,protein format,NC(=O)c1cccc(NC(=O)CN2CCCCC(NC(=O)c3ccc(-c4ccccc4)cc3)C2=O)c1,,,CHEMBL1139445,Bioorg. Med. Chem. Lett.,2004,,CHEMBL326448,,CHEMBL326448,,False,http://www.openphacts.org/units/Nanomolar,198074,>,1,True,>,,IC50,nM,,33000.0,CHEMBL2095193,Homo sapiens,Tryptase,9606,,,IC50,nM,UO_0000065,,33000.0
,1203404,[],CHEMBL817287,Inhibition of human tryptase.,B,,,BAO_0000190,BAO_0000224,protein format,NCc1cccc(NC(=O)CN2CCCCC(NC(=O)CCCCc3ccccc3)C2=O)c1,,,CHEMBL1139445,Bioorg. Med. Chem. Lett.,2004,"{'bei': '12.29', 'le': '0.23', 'lle': '2.55', 'sei': '5.30'}",CHEMBL320722,,CHEMBL320722,5.54,False,http://www.openphacts.org/units/Nanomolar,198095,=,1,True,=,,IC50,nM,,2900.0,CHEMBL2095193,Homo sapiens,Tryptase,9606,,,IC50,nM,UO_0000065,,2900.0
,1204762,[],CHEMBL817287,Inhibition of human tryptase.,B,,,BAO_0000190,BAO_0000224,protein format,NCc1cccc(NC(=O)CN2CCCCC(NC(=O)c3ccc(-c4ccc(Cl)c(Cl)c4)cc3)C2=O)c1,,,CHEMBL1139445,Bioorg. Med. Chem. Lett.,2004,"{'bei': '10.52', 'le': '0.21', 'lle': '0.81', 'sei': '5.43'}",CHEMBL322441,,CHEMBL322441,5.68,False,http://www.openphacts.org/units/Nanomolar,198086,=,1,True,=,,IC50,nM,,2100.0,CHEMBL2095193,Homo sapiens,Tryptase,9606,,,IC50,nM,UO_0000065,,2100.0
,1206084,[],CHEMBL817287,Inhibition of human tryptase.,B,,,BAO_0000190,BAO_0000224,protein format,NCc1cccc(NC(=O)CN2CCCCC(NC(=O)c3ccc(-c4ccccc4)cc3)C2=O)c1,,,CHEMBL1139445,Bioorg. Med. Chem. Lett.,2004,"{'bei': '14.03', 'le': '0.26', 'lle': '3.04', 'sei': '6.32'}",CHEMBL321145,,CHEMBL321145,6.60,False,http://www.openphacts.org/units/Nanomolar,198079,=,1,True,=,,IC50,nM,,250.0,CHEMBL2095193,Homo sapiens,Tryptase,9606,,,IC50,nM,UO_0000065,,250.0
,1206085,[],CHEMBL817287,Inhibition of human tryptase.,B,,,BAO_0000190,BAO_0000224,protein format,NCc1cccc(NC(=O)CN2CCCCC(NC(=O)c3ccc(-c4ccccc4)cc3)C2=O)c1,,,CHEMBL1139445,Bioorg. Med. Chem. Lett.,2004,,CHEMBL321145,,CHEMBL321145,,False,http://www.openphacts.org/units/Nanomolar,198079,>,1,True,>,,IC50,nM,,250.0,CHEMBL2095193,Homo sapiens,Tryptase,9606,,,IC50,nM,UO_0000065,,250.0
,1206093,[],CHEMBL817287,Inhibition of human tryptase.,B,,,BAO_0000190,BAO_0000224,protein format,COc1ccc(CN)cc1NC(=O)CN1CCCCC(NC(=O)c2ccc(-c3ccccc3)cc2)C1=O,,,CHEMBL1139445,Bioorg. Med. Chem. Lett.,2004,"{'bei': '12.09', 'le': '0.22', 'lle': '2.48', 'sei': '5.32'}",CHEMBL419366,,CHEMBL419366,6.05,False,http://www.openphacts.org/units/Nanomolar,198091,=,1,True,=,,IC50,nM,,890.0,CHEMBL2095193,Homo sapiens,Tryptase,9606,,,IC50,nM,UO_0000065,,890.0
,1207356,[],CHEMBL817287,Inhibition of human tryptase.,B,,,BAO_0000190,BAO_0000224,protein format,Nc1ccc(CNC(=O)CN2CCCCC(NC(=O)c3ccc(-c4ccccc4)cc3)C2=O)cc1,,,CHEMBL1139445,Bioorg. Med. Chem. Lett.,2004,,CHEMBL107233,,CHEMBL107233,,False,http://www.openphacts.org/units/Nanomolar,198097,>,1,True,>,,IC50,nM,,33000.0,CHEMBL2095193,Homo sapiens,Tryptase,9606,,,IC50,nM,UO_0000065,,33000.0
,1207357,[],CHEMBL817287,Inhibition of human tryptase.,B,,,BAO_0000190,BAO_0000224,protein format,NCc1cccc(NC(=O)CN2CCCCC(NC(=O)COc3ccc4ccccc4c3)C2=O)c1,,,CHEMBL1139445,Bioorg. Med. Chem. Lett.,2004,"{'bei': '11.25', 'le': '0.21', 'lle': '2.53', 'sei': '4.69'}",CHEMBL106903,,CHEMBL106903,5.34,False,http://www.openphacts.org/units/Nanomolar,198094,=,1,True,=,,IC50,nM,,4600.0,CHEMBL2095193,Homo sapiens,Tryptase,9606,,,IC50,nM,UO_0000065,,4600.0
,1209914,[],CHEMBL817287,Inhibition of human tryptase.,B,,,BAO_0000190,BAO_0000224,protein format,Nc1cccc(CNC(=O)CN2CCCCC(NC(=O)c3ccc(-c4ccccc4)cc3)C2=O)c1,,,CHEMBL1139445,Bioorg. Med. Chem. Lett.,2004,,CHEMBL321378,,CHEMBL321378,,False,http://www.openphacts.org/units/Nanomolar,198072,>,1,True,>,,IC50,nM,,33000.0,CHEMBL2095193,Homo sapiens,Tryptase,9606,,,IC50,nM,UO_0000065,,33000.0
,1209915,[],CHEMBL817287,Inhibition of human tryptase.,B,,,BAO_0000190,BAO_0000224,protein format,CCc1ccc(-c2ccc(C(=O)NC3CCCCN(CC(=O)Nc4cccc(CN)c4)C3=O)cc2)cc1,,,CHEMBL1139445,Bioorg. Med. Chem. Lett.,2004,"{'bei': '11.11', 'le': '0.20', 'lle': '1.42', 'sei': '5.30'}",CHEMBL320659,,CHEMBL320659,5.54,False,http://www.openphacts.org/units/Nanomolar,198087,=,1,True,=,,IC50,nM,,2900.0,CHEMBL2095193,Homo sapiens,Tryptase,9606,,,IC50,nM,UO_0000065,,2900.0
,1209916,[],CHEMBL817287,Inhibition of human tryptase.,B,,,BAO_0000190,BAO_0000224,protein format,NCc1cccc(NC(=O)CN2CCCCC(NC(=O)Cc3ccc(-c4ccccc4)cc3)C2=O)c1,,,CHEMBL1139445,Bioorg. Med. Chem. Lett.,2004,"{'bei': '10.90', 'le': '0.20', 'lle': '1.79', 'sei': '5.06'}",CHEMBL104601,,CHEMBL104601,5.28,False,http://www.openphacts.org/units/Nanomolar,198085,=,1,True,=,,IC50,nM,,5200.0,CHEMBL2095193,Homo sapiens,Tryptase,9606,,,IC50,nM,UO_0000065,,5200.0
,1209917,[],CHEMBL817287,Inhibition of human tryptase.,B,,,BAO_0000190,BAO_0000224,protein format,CCc1ccc(C(=O)NC2CCCCN(CC(=O)Nc3cccc(CN)c3)C2=O)cc1,,,CHEMBL1139445,Bioorg. Med. Chem. Lett.,2004,"{'bei': '12.63', 'le': '0.24', 'lle': '2.88', 'sei': '5.11'}",CHEMBL317458,,CHEMBL317458,5.34,False,http://www.openphacts.org/units/Nanomolar,198096,=,1,True,=,,IC50,nM,,4600.0,CHEMBL2095193,Homo sapiens,Tryptase,9606,,,IC50,nM,UO_0000065,,4600.0
,1211214,[],CHEMBL817287,Inhibition of human tryptase.,B,,,BAO_0000190,BAO_0000224,protein format,NCCCCCNC(=O)CN1CCCCC(NC(=O)c2ccc(-c3ccccc3)cc2)C1=O,,,CHEMBL1139445,Bioorg. Med. Chem. Lett.,2004,"{'bei': '10.92', 'le': '0.20', 'lle': '2.21', 'sei': '4.71'}",CHEMBL104309,,CHEMBL104309,4.92,False,http://www.openphacts.org/units/Nanomolar,198100,=,1,True,=,,IC50,nM,,12000.0,CHEMBL2095193,Homo sapiens,Tryptase,9606,,,IC50,nM,UO_0000065,,12000.0
,1212616,[],CHEMBL817287,Inhibition of human tryptase.,B,,,BAO_0000190,BAO_0000224,protein format,NCc1cccc(CNC(=O)CN2CCCCC(NC(=O)c3ccc(-c4ccccc4)cc3)C2=O)c1,,,CHEMBL1139445,Bioorg. Med. Chem. Lett.,2004,"{'bei': '10.08', 'le': '0.19', 'lle': '1.65', 'sei': '4.67'}",CHEMBL319925,,CHEMBL319925,4.89,False,http://www.openphacts.org/units/Nanomolar,198081,=,1,True,=,,IC50,nM,,13000.0,CHEMBL2095193,Homo sapiens,Tryptase,9606,,,IC50,nM,UO_0000065,,13000.0
,1212617,[],CHEMBL817287,Inhibition of human tryptase.,B,,,BAO_0000190,BAO_0000224,protein format,NCc1ccc(NC(=O)CN2CCCCC(NC(=O)c3ccc(-c4ccccc4)cc3)C2=O)cc1,,,CHEMBL1139445,Bioorg. Med. Chem. Lett.,2004,"{'bei': '11.57', 'le': '0.21', 'lle': '1.88', 'sei': '5.21'}",CHEMBL107427,,CHEMBL107427,5.44,False,http://www.openphacts.org/units/Nanomolar,198080,=,1,True,=,,IC50,nM,,3600.0,CHEMBL2095193,Homo sapiens,Tryptase,9606,,,IC50,nM,UO_0000065,,3600.0
,1212618,[],CHEMBL817287,Inhibition of human tryptase.,B,,,BAO_0000190,BAO_0000224,protein format,O=C(CN1CCCCC(NC(=O)c2ccc(-c3ccccc3)cc2)C1=O)Nc1ccc2c(c1)CNCC2,,,CHEMBL1139445,Bioorg. Med. Chem. Lett.,2004,,CHEMBL107095,,CHEMBL107095,,False,http://www.openphacts.org/units/Nanomolar,198077,>,1,True,>,,IC50,nM,,33000.0,CHEMBL2095193,Homo sapiens,Tryptase,9606,,,IC50,nM,UO_0000065,,33000.0
,1212619,[],CHEMBL817287,Inhibition of human tryptase.,B,,,BAO_0000190,BAO_0000224,protein format,Cc1ccc(CN)cc1NC(=O)CN1CCCCC(NC(=O)c2ccc(-c3ccccc3)cc2)C1=O,,,CHEMBL1139445,Bioorg. Med. Chem. Lett.,2004,"{'bei': '14.71', 'le': '0.27', 'lle': '3.26', 'sei': '6.82'}",CHEMBL104064,,CHEMBL104064,7.13,False,http://www.openphacts.org/units/Nanomolar,198090,=,1,True,=,,IC50,nM,,74.0,CHEMBL2095193,Homo sapiens,Tryptase,9606,,,IC50,nM,UO_0000065,,74.0
,1212620,[],CHEMBL817287,Inhibition of human tryptase.,B,,,BAO_0000190,BAO_0000224,protein format,Cc1ccc(CN)cc1NC(=O)CN1CCCCC(NC(=O)c2ccc(-c3ccccc3)cc2)C1=O,,,CHEMBL1139445,Bioorg. Med. Chem. Lett.,2004,"{'bei': '14.71', 'le': '0.27', 'lle': '3.26', 'sei': '6.82'}",CHEMBL104064,,CHEMBL104064,7.13,False,http://www.openphacts.org/units/Nanomolar,198090,=,1,True,=,,IC50,nM,,74.0,CHEMBL2095193,Homo sapiens,Tryptase,9606,,,IC50,nM,UO_0000065,,74.0
,1217854,[],CHEMBL817287,Inhibition of human tryptase.,B,,,BAO_0000190,BAO_0000224,protein format,NCCCCCCNC(=O)CN1CCCCC(NC(=O)c2ccc(-c3ccccc3)cc2)C1=O,,,CHEMBL1139445,Bioorg. Med. Chem. Lett.,2004,,CHEMBL107226,,CHEMBL107226,,False,http://www.openphacts.org/units/Nanomolar,198099,>,1,True,>,,IC50,nM,,33000.0,CHEMBL2095193,Homo sapiens,Tryptase,9606,,,IC50,nM,UO_0000065,,33000.0
,1220510,[],CHEMBL817287,Inhibition of human tryptase.,B,,,BAO_0000190,BAO_0000224,protein format,NCCc1ccc(NC(=O)CN2CCCCC(NC(=O)c3ccc(-c4ccccc4)cc3)C2=O)cc1,,,CHEMBL1139445,Bioorg. Med. Chem. Lett.,2004,"{'bei': '10.23', 'le': '0.19', 'lle': '1.36', 'sei': '4.74'}",CHEMBL326694,,CHEMBL326694,4.96,False,http://www.openphacts.org/units/Nanomolar,198073,=,1,True,=,,IC50,nM,,11000.0,CHEMBL2095193,Homo sapiens,Tryptase,9606,,,IC50,nM,UO_0000065,,11000.0
,1222962,[],CHEMBL817287,Inhibition of human tryptase.,B,,,BAO_0000190,BAO_0000224,protein format,NCc1cccc(NC(=O)CN2CCCCC(NC(=O)c3ccc(Cc4ccccc4)cc3)C2=O)c1,,,CHEMBL1139445,Bioorg. Med. Chem. Lett.,2004,"{'bei': '12.40', 'le': '0.23', 'lle': '2.52', 'sei': '5.75'}",CHEMBL320473,,CHEMBL320473,6.01,False,http://www.openphacts.org/units/Nanomolar,198084,=,1,True,=,,IC50,nM,,980.0,CHEMBL2095193,Homo sapiens,Tryptase,9606,,,IC50,nM,UO_0000065,,980.0
,15679184,[],CHEMBL3607633,Inhibition of tryptase (unknown origin) using t-Boc-Phe-Ser-Arg-MCA as substrate after 5 mins by fluorimetric analysis,B,,,BAO_0000190,BAO_0000224,protein format,CN1C(=O)c2ccc(OC(=O)CCc3ccc(N)nc3)cc2C1=O.Cl,,,CHEMBL3603840,Bioorg. Med. Chem. Lett.,2015,"{'bei': '20.66', 'le': '0.38', 'lle': '5.29', 'sei': '6.55'}",CHEMBL3604626,,CHEMBL1171655,6.72,False,http://www.openphacts.org/units/Nanomolar,2494589,=,1,True,=,,IC50,nM,,190.0,CHEMBL2095193,Homo sapiens,Tryptase,9606,,,IC50,uM,UO_0000065,,0.19
,18550707,[],CHEMBL4199288,Inhibition of human lung tryptase using Z-glypro-arg-AMC incubated for 3 mins by spectrophotometry,B,,,BAO_0000190,BAO_0000224,protein format,CC(C)(C)NC(=O)N1CCN(C(=O)N2C(=O)[C@H](CCCN=C(N)N)[C@H]2C(=O)O)CC1,,,CHEMBL4196099,J Med Chem,2018,"{'bei': '19.51', 'le': '0.38', 'lle': '9.10', 'sei': '4.75'}",CHEMBL71037,,CHEMBL71037,8.30,False,http://www.openphacts.org/units/Nanomolar,3079886,=,1,True,=,,IC50,nM,,5.0,CHEMBL2095193,Homo sapiens,Tryptase,9606,,,IC50,nM,UO_0000065,,5.0
